file,window,freq,cfg,arm,period,entry,exit,ret_new,ret_hold,rebalance_alpha,cash_w_new,cash_w_hold,cash_drag_pp,n_dropped,n_added,n_kept,dropped_fwd,added_fwd,dropped_names,added_names
psperm_0393_tech_gpt-51_2x_20-10_202410_20260803_182126_884612_fbon_scr_wt_hold_inc_w1.json,2024-10,2,20-10,ON,1,2025-04-01,2025-10-01,34.441,34.441,0.0,4.17,4.17,-0.0,0,0,8,,,,
psperm_0393_tech_gpt-51_2x_20-10_202410_20260803_182128_093423_fbon_scr_wt_hold_inc_w0.json,2024-10,2,20-10,ON,1,2025-04-01,2025-10-01,43.34,43.34,0.0,3.11,3.11,-0.0,0,0,9,,,,
psperm_0393_tech_gpt-51_2x_20-10_202410_20260803_182129_019922_fbon_scr_wt_hold_inc_w2.json,2024-10,2,20-10,ON,1,2025-04-01,2025-10-01,45.91,40.833,5.077,0.0,5.2,2.751,2,2,6,57.79,61.28,"QCOM,MU","TSM,AMAT"
psperm_0400_tech_gpt-51_4x_20-10_202410_20260803_182205_238089_fbon_scr_wt_hold_inc_w3.json,2024-10,4,20-10,ON,1,2024-12-31,2025-04-01,-12.187,-12.038,-0.148,18.08,1.82,1.499,3,0,6,3.78,,"TXN,SNPS,GF",
psperm_0400_tech_gpt-51_4x_20-10_202410_20260803_182205_238089_fbon_scr_wt_hold_inc_w3.json,2024-10,4,20-10,ON,2,2025-04-01,2025-07-02,31.014,17.819,13.195,0.0,20.59,5.968,1,2,5,-4.69,38.13,AAPL,"TSM,MU"
psperm_0400_tech_gpt-51_4x_20-10_202410_20260803_182205_238089_fbon_scr_wt_hold_inc_w3.json,2024-10,4,20-10,ON,3,2025-07-02,2025-10-01,13.17,22.026,-8.856,0.0,0.0,-0.0,2,2,5,36.82,10.49,"TSM,MU","AAPL,META"
psperm_0400_tech_gpt-51_4x_20-10_202410_20260803_182246_103089_fbon_scr_wt_hold_inc_w1.json,2024-10,4,20-10,ON,1,2024-12-31,2025-04-01,-11.533,-12.255,0.722,9.8,2.71,0.825,1,0,8,-10.18,,SNPS,
psperm_0400_tech_gpt-51_4x_20-10_202410_20260803_182246_103089_fbon_scr_wt_hold_inc_w1.json,2024-10,4,20-10,ON,2,2025-04-01,2025-07-02,18.533,22.738,-4.205,25.13,11.08,-3.797,2,0,6,30.28,,"TXN,NFLX",
psperm_0400_tech_gpt-51_4x_20-10_202410_20260803_182246_103089_fbon_scr_wt_hold_inc_w1.json,2024-10,4,20-10,ON,3,2025-07-02,2025-10-01,12.341,12.341,0.0,21.2,21.2,-0.0,0,0,6,,,,
psperm_0400_tech_gpt-51_4x_20-10_202410_20260803_182252_236633_fbon_scr_wt_hold_inc_w0.json,2024-10,4,20-10,ON,1,2024-12-31,2025-04-01,-14.363,-11.35,-3.014,0.0,7.58,-1.006,1,1,7,-5.84,-27.09,ADI,AVGO
psperm_0400_tech_gpt-51_4x_20-10_202410_20260803_182252_236633_fbon_scr_wt_hold_inc_w0.json,2024-10,4,20-10,ON,2,2025-04-01,2025-07-02,23.203,23.203,0.0,0.0,0.0,-0.0,0,0,8,,,,
psperm_0400_tech_gpt-51_4x_20-10_202410_20260803_182252_236633_fbon_scr_wt_hold_inc_w0.json,2024-10,4,20-10,ON,3,2025-07-02,2025-10-01,18.112,15.003,3.109,0.0,0.0,-0.0,1,1,7,-15.72,47.6,TXN,ANET
psperm_0407_tech_gpt-51_6x_20-10_202410_20260803_182340_652115_fbon_scr_wt_hold_inc_w2.json,2024-10,6,20-10,ON,1,2024-12-01,2025-01-31,1.716,2.624,-0.907,20.57,1.88,-0.311,3,0,6,0.97,,"TSM,SNPS,PANW",
psperm_0407_tech_gpt-51_6x_20-10_202410_20260803_182340_652115_fbon_scr_wt_hold_inc_w2.json,2024-10,6,20-10,ON,2,2025-01-31,2025-04-01,-12.735,-9.523,-3.212,0.0,20.23,-2.455,0,2,6,,-15.07,,"TSM,QCOM"
psperm_0407_tech_gpt-51_6x_20-10_202410_20260803_182340_652115_fbon_scr_wt_hold_inc_w2.json,2024-10,6,20-10,ON,3,2025-04-01,2025-06-01,8.811,8.78,0.031,0.0,0.0,-0.0,2,1,6,4.75,6.43,"TSM,QCOM",SNPS
psperm_0407_tech_gpt-51_6x_20-10_202410_20260803_182340_652115_fbon_scr_wt_hold_inc_w2.json,2024-10,6,20-10,ON,4,2025-06-01,2025-08-01,8.944,15.302,-6.358,19.07,0.0,-2.483,1,0,6,33.34,,SNPS,
psperm_0407_tech_gpt-51_6x_20-10_202410_20260803_182340_652115_fbon_scr_wt_hold_inc_w2.json,2024-10,6,20-10,ON,5,2025-08-01,2025-10-01,11.16,9.031,2.129,0.0,17.51,2.164,0,3,6,,15.23,,"TSM,META,ANET"
psperm_0407_tech_gpt-51_6x_20-10_202410_20260803_182401_192098_fbon_scr_wt_hold_inc_w3.json,2024-10,6,20-10,ON,1,2024-12-01,2025-01-31,2.646,4.332,-1.686,17.07,4.77,-0.998,1,0,8,13.71,,TSM,
psperm_0407_tech_gpt-51_6x_20-10_202410_20260803_182401_192098_fbon_scr_wt_hold_inc_w3.json,2024-10,6,20-10,ON,2,2025-01-31,2025-04-01,-9.92,-10.077,0.157,22.56,16.63,0.747,1,0,7,-2.65,,MU,
psperm_0407_tech_gpt-51_6x_20-10_202410_20260803_182401_192098_fbon_scr_wt_hold_inc_w3.json,2024-10,6,20-10,ON,3,2025-04-01,2025-06-01,12.365,9.623,2.742,0.0,25.05,2.958,1,1,6,-5.13,6.48,QCOM,MU
psperm_0407_tech_gpt-51_6x_20-10_202410_20260803_182401_192098_fbon_scr_wt_hold_inc_w3.json,2024-10,6,20-10,ON,4,2025-06-01,2025-08-01,13.624,13.624,0.0,0.0,0.0,-0.0,0,0,7,,,,
psperm_0407_tech_gpt-51_6x_20-10_202410_20260803_182401_192098_fbon_scr_wt_hold_inc_w3.json,2024-10,6,20-10,ON,5,2025-08-01,2025-10-01,5.231,30.02,-24.788,39.17,0.0,-8.685,2,0,5,44.69,,"MU,AVGO",
psperm_0407_tech_gpt-51_6x_20-10_202410_20260803_182444_529039_fbon_scr_wt_hold_inc_w1.json,2024-10,6,20-10,ON,1,2024-12-01,2025-01-31,3.935,4.46,-0.525,29.19,6.67,-1.399,3,0,6,-0.17,,"TSM,TXN,MU",
psperm_0407_tech_gpt-51_6x_20-10_202410_20260803_182444_529039_fbon_scr_wt_hold_inc_w1.json,2024-10,6,20-10,ON,2,2025-01-31,2025-04-01,-13.956,-10.332,-3.624,0.0,28.08,-3.851,0,2,6,,-11.35,,"TSM,TXN"
psperm_0407_tech_gpt-51_6x_20-10_202410_20260803_182444_529039_fbon_scr_wt_hold_inc_w1.json,2024-10,6,20-10,ON,3,2025-04-01,2025-06-01,11.301,13.618,-2.318,15.84,0.0,-2.205,1,0,7,14.63,,TSM,
psperm_0407_tech_gpt-51_6x_20-10_202410_20260803_182444_529039_fbon_scr_wt_hold_inc_w1.json,2024-10,6,20-10,ON,4,2025-06-01,2025-08-01,13.206,10.61,2.596,0.0,14.23,1.824,0,2,7,,19.02,,"TSM,META"
psperm_0407_tech_gpt-51_6x_20-10_202410_20260803_182444_529039_fbon_scr_wt_hold_inc_w1.json,2024-10,6,20-10,ON,5,2025-08-01,2025-10-01,6.678,9.388,-2.71,14.57,0.0,-1.619,2,0,7,19.37,,"TSM,AVGO",
psperm_0414_tech_gpt-51_12x_20-10_202410_20260803_182648_996109_fbon_scr_wt_hold_inc_w0.json,2024-10,12,20-10,ON,1,2024-10-31,2024-12-01,2.218,1.881,0.338,15.89,4.94,-0.143,1,0,8,-3.09,,TSM,
psperm_0414_tech_gpt-51_12x_20-10_202410_20260803_182648_996109_fbon_scr_wt_hold_inc_w0.json,2024-10,12,20-10,ON,2,2024-12-01,2024-12-31,2.791,5.446,-2.655,0.0,15.54,0.617,1,1,7,-6.91,-13.97,AMAT,MU
psperm_0414_tech_gpt-51_12x_20-10_202410_20260803_182648_996109_fbon_scr_wt_hold_inc_w0.json,2024-10,12,20-10,ON,3,2024-12-31,2025-01-31,2.299,2.256,0.043,5.28,0.0,-0.008,1,0,7,-0.82,,TXN,
psperm_0414_tech_gpt-51_12x_20-10_202410_20260803_182648_996109_fbon_scr_wt_hold_inc_w0.json,2024-10,12,20-10,ON,4,2025-01-31,2025-03-02,-6.136,-5.426,-0.71,0.0,5.17,-0.296,0,1,7,,-13.75,,TSM
psperm_0414_tech_gpt-51_12x_20-10_202410_20260803_182648_996109_fbon_scr_wt_hold_inc_w0.json,2024-10,12,20-10,ON,5,2025-03-02,2025-04-01,-7.602,-7.602,0.0,0.0,0.0,0.0,0,0,8,,,,
psperm_0414_tech_gpt-51_12x_20-10_202410_20260803_182648_996109_fbon_scr_wt_hold_inc_w0.json,2024-10,12,20-10,ON,6,2025-04-01,2025-05-02,2.09,2.393,-0.304,4.82,0.0,-0.188,1,0,7,6.31,,TSM,
psperm_0414_tech_gpt-51_12x_20-10_202410_20260803_182648_996109_fbon_scr_wt_hold_inc_w0.json,2024-10,12,20-10,ON,7,2025-05-02,2025-06-01,9.307,9.13,0.178,0.0,4.72,0.438,0,1,7,,3.76,,ACN
psperm_0414_tech_gpt-51_12x_20-10_202410_20260803_182648_996109_fbon_scr_wt_hold_inc_w0.json,2024-10,12,20-10,ON,8,2025-06-01,2025-07-02,12.274,11.607,0.666,0.0,0.0,-0.0,1,1,7,-4.59,10.29,ACN,META
psperm_0414_tech_gpt-51_12x_20-10_202410_20260803_182648_996109_fbon_scr_wt_hold_inc_w0.json,2024-10,12,20-10,ON,9,2025-07-02,2025-08-01,-0.433,-0.433,0.0,0.0,0.0,-0.0,0,0,8,,,,
psperm_0414_tech_gpt-51_12x_20-10_202410_20260803_182648_996109_fbon_scr_wt_hold_inc_w0.json,2024-10,12,20-10,ON,10,2025-08-01,2025-09-01,3.689,6.541,-2.852,21.17,0.0,-1.221,1,0,7,13.47,,MU,
psperm_0414_tech_gpt-51_12x_20-10_202410_20260803_182648_996109_fbon_scr_wt_hold_inc_w0.json,2024-10,12,20-10,ON,11,2025-09-01,2025-10-01,5.105,5.105,0.0,20.41,20.41,-0.0,0,0,7,,,,
psperm_0414_tech_gpt-51_12x_20-10_202410_20260803_182729_772802_fbon_scr_wt_hold_inc_w2.json,2024-10,12,20-10,ON,1,2024-10-31,2024-12-01,2.882,2.614,0.268,13.56,4.89,-0.131,1,0,8,-3.09,,TSM,
psperm_0414_tech_gpt-51_12x_20-10_202410_20260803_182729_772802_fbon_scr_wt_hold_inc_w2.json,2024-10,12,20-10,ON,2,2024-12-01,2024-12-31,4.448,4.731,-0.284,0.0,13.18,0.593,0,1,8,,-2.15,,ADI
psperm_0414_tech_gpt-51_12x_20-10_202410_20260803_182729_772802_fbon_scr_wt_hold_inc_w2.json,2024-10,12,20-10,ON,3,2024-12-31,2025-01-31,0.418,0.35,0.068,16.61,0.0,-0.019,2,0,7,-0.54,,"TXN,ADI",
psperm_0414_tech_gpt-51_12x_20-10_202410_20260803_182729_772802_fbon_scr_wt_hold_inc_w2.json,2024-10,12,20-10,ON,4,2025-01-31,2025-03-02,-4.322,-5.341,1.02,0.0,16.54,-0.534,0,1,7,,6.16,,TXN
psperm_0414_tech_gpt-51_12x_20-10_202410_20260803_182729_772802_fbon_scr_wt_hold_inc_w2.json,2024-10,12,20-10,ON,5,2025-03-02,2025-04-01,-8.514,-8.514,0.0,0.0,0.0,0.0,0,0,8,,,,
psperm_0414_tech_gpt-51_12x_20-10_202410_20260803_182729_772802_fbon_scr_wt_hold_inc_w2.json,2024-10,12,20-10,ON,6,2025-04-01,2025-05-02,4.681,2.11,2.571,0.0,0.0,-0.0,2,2,6,-7.9,5.11,"MU,TXN","META,SNPS"
psperm_0414_tech_gpt-51_12x_20-10_202410_20260803_182729_772802_fbon_scr_wt_hold_inc_w2.json,2024-10,12,20-10,ON,7,2025-05-02,2025-06-01,7.229,7.229,0.0,0.0,0.0,-0.0,0,0,8,,,,
psperm_0414_tech_gpt-51_12x_20-10_202410_20260803_182729_772802_fbon_scr_wt_hold_inc_w2.json,2024-10,12,20-10,ON,8,2025-06-01,2025-07-02,7.888,8.807,-0.919,7.21,0.0,-0.676,1,0,7,12.74,,SNPS,
psperm_0414_tech_gpt-51_12x_20-10_202410_20260803_182729_772802_fbon_scr_wt_hold_inc_w2.json,2024-10,12,20-10,ON,9,2025-07-02,2025-08-01,3.817,3.87,-0.053,0.0,6.68,0.244,0,2,7,,2.38,,"SNPS,ASML"
psperm_0414_tech_gpt-51_12x_20-10_202410_20260803_182729_772802_fbon_scr_wt_hold_inc_w2.json,2024-10,12,20-10,ON,10,2025-08-01,2025-09-01,3.549,3.731,-0.181,6.39,0.0,-0.269,2,0,7,2.6,,"SNPS,ASML",
psperm_0414_tech_gpt-51_12x_20-10_202410_20260803_182729_772802_fbon_scr_wt_hold_inc_w2.json,2024-10,12,20-10,ON,11,2025-09-01,2025-10-01,3.679,4.905,-1.226,16.14,6.17,-0.585,1,0,6,12.3,,AVGO,
psperm_0414_tech_gpt-51_12x_20-10_202410_20260803_182751_998596_fbon_scr_wt_hold_inc_w3.json,2024-10,12,20-10,ON,1,2024-10-31,2024-12-01,2.789,2.338,0.45,25.39,2.94,-0.388,3,0,6,-1.95,,"TSM,TXN,MU",
psperm_0414_tech_gpt-51_12x_20-10_202410_20260803_182751_998596_fbon_scr_wt_hold_inc_w3.json,2024-10,12,20-10,ON,2,2024-12-01,2024-12-31,2.396,2.396,0.0,24.7,24.7,-0.0,0,0,6,,,,
psperm_0414_tech_gpt-51_12x_20-10_202410_20260803_182751_998596_fbon_scr_wt_hold_inc_w3.json,2024-10,12,20-10,ON,3,2024-12-31,2025-01-31,1.042,0.449,0.593,0.0,24.12,0.389,0,2,6,,1.06,,"ASML,AVGO"
psperm_0414_tech_gpt-51_12x_20-10_202410_20260803_182751_998596_fbon_scr_wt_hold_inc_w3.json,2024-10,12,20-10,ON,4,2025-01-31,2025-03-02,-5.29,-6.045,0.755,0.0,0.0,0.0,2,2,6,-6.5,-3.79,"QCOM,ASML","TSM,TXN"
psperm_0414_tech_gpt-51_12x_20-10_202410_20260803_182751_998596_fbon_scr_wt_hold_inc_w3.json,2024-10,12,20-10,ON,5,2025-03-02,2025-04-01,-7.045,-8.386,1.341,14.6,0.0,1.296,1,0,7,-9.18,,TXN,
psperm_0414_tech_gpt-51_12x_20-10_202410_20260803_182751_998596_fbon_scr_wt_hold_inc_w3.json,2024-10,12,20-10,ON,6,2025-04-01,2025-05-02,5.19,4.703,0.487,0.0,15.7,0.849,1,2,6,6.31,4.18,TSM,"META,AMAT"
psperm_0414_tech_gpt-51_12x_20-10_202410_20260803_182751_998596_fbon_scr_wt_hold_inc_w3.json,2024-10,12,20-10,ON,7,2025-05-02,2025-06-01,7.181,7.343,-0.162,11.98,0.0,-0.947,1,0,7,1.35,,AMAT,
psperm_0414_tech_gpt-51_12x_20-10_202410_20260803_182751_998596_fbon_scr_wt_hold_inc_w3.json,2024-10,12,20-10,ON,8,2025-06-01,2025-07-02,10.063,7.684,2.379,0.0,11.18,1.168,0,1,7,,21.28,,TSM
psperm_0414_tech_gpt-51_12x_20-10_202410_20260803_182751_998596_fbon_scr_wt_hold_inc_w3.json,2024-10,12,20-10,ON,9,2025-07-02,2025-08-01,3.473,4.208,-0.735,0.0,0.0,-0.0,1,1,7,0.69,-5.27,TSM,AMAT
psperm_0414_tech_gpt-51_12x_20-10_202410_20260803_182751_998596_fbon_scr_wt_hold_inc_w3.json,2024-10,12,20-10,ON,10,2025-08-01,2025-09-01,2.98,2.012,0.968,0.0,0.0,-0.0,1,1,7,-10.43,-1.85,AMAT,TSM
psperm_0414_tech_gpt-51_12x_20-10_202410_20260803_182751_998596_fbon_scr_wt_hold_inc_w3.json,2024-10,12,20-10,ON,11,2025-09-01,2025-10-01,4.153,8.097,-3.944,20.67,0.0,-1.715,2,0,6,18.82,,"TSM,AVGO",
psperm_0477_tech_gpt-51_2x_20-10_202411_20260803_182528_042268_fbon_scr_wt_hold_inc_w1.json,2024-11,2,20-10,ON,1,2025-05-02,2025-11-01,39.521,39.521,0.0,0.0,0.0,-0.0,0,0,9,,,,
psperm_0477_tech_gpt-51_2x_20-10_202411_20260803_182621_827797_fbon_scr_wt_hold_inc_w1.json,2024-11,2,20-10,ON,1,2025-05-02,2025-11-01,34.378,41.236,-6.858,0.0,2.12,1.132,2,1,7,59.93,8.75,"TSM,AMAT",META
psperm_0477_tech_gpt-51_2x_20-10_202411_20260803_182710_701980_fbon_scr_wt_hold_inc_w1.json,2024-11,2,20-10,ON,1,2025-05-02,2025-11-01,29.665,32.001,-2.336,14.92,6.23,-2.821,1,0,8,26.88,,IBM,
psperm_0484_tech_gpt-51_4x_20-10_202411_20260803_182817_649428_fbon_scr_wt_hold_inc_w0.json,2024-11,4,20-10,ON,1,2025-01-31,2025-05-02,-9.353,-10.311,0.958,15.96,1.9,1.483,2,0,8,-8.57,,"IBM,AMAT",
psperm_0484_tech_gpt-51_4x_20-10_202411_20260803_182817_649428_fbon_scr_wt_hold_inc_w0.json,2024-11,4,20-10,ON,2,2025-05-02,2025-08-02,9.951,16.532,-6.58,0.0,17.6,3.876,2,1,6,20.39,-15.94,"TXN,MU",ACN
psperm_0484_tech_gpt-51_4x_20-10_202411_20260803_182817_649428_fbon_scr_wt_hold_inc_w0.json,2024-11,4,20-10,ON,3,2025-08-02,2025-11-01,18.016,16.598,1.419,0.0,0.0,-0.0,1,2,6,-2.06,7.39,ACN,"META,AVGO"
psperm_0484_tech_gpt-51_4x_20-10_202411_20260803_182832_004409_fbon_scr_wt_hold_inc_w1.json,2024-11,4,20-10,ON,1,2025-01-31,2025-05-02,-11.289,-10.087,-1.202,0.0,4.56,-0.479,2,1,7,-9.06,-14.02,"AMD,IBM",TSM
psperm_0484_tech_gpt-51_4x_20-10_202411_20260803_182832_004409_fbon_scr_wt_hold_inc_w1.json,2024-11,4,20-10,ON,2,2025-05-02,2025-08-02,15.274,22.392,-7.118,0.0,0.0,-0.0,1,1,7,31.68,-15.94,TSM,ACN
psperm_0484_tech_gpt-51_4x_20-10_202411_20260803_182832_004409_fbon_scr_wt_hold_inc_w1.json,2024-11,4,20-10,ON,3,2025-08-02,2025-11-01,15.889,15.664,0.225,10.9,0.0,-1.696,1,0,7,-2.06,,ACN,
psperm_0484_tech_gpt-51_4x_20-10_202411_20260803_182854_284940_fbon_scr_wt_hold_inc_w2.json,2024-11,4,20-10,ON,1,2025-01-31,2025-05-02,-9.139,-10.103,0.964,15.04,5.52,0.953,2,0,7,-9.51,,"AMAT,KLAC",
psperm_0484_tech_gpt-51_4x_20-10_202411_20260803_182854_284940_fbon_scr_wt_hold_inc_w2.json,2024-11,4,20-10,ON,2,2025-05-02,2025-08-02,20.884,17.845,3.039,0.0,16.55,3.742,0,2,7,,15.9,,"META,ADSK"
psperm_0484_tech_gpt-51_4x_20-10_202411_20260803_182854_284940_fbon_scr_wt_hold_inc_w2.json,2024-11,4,20-10,ON,3,2025-08-02,2025-11-01,19.751,19.83,-0.079,5.45,0.0,-1.462,1,0,8,1.45,,ADSK,
psperm_0491_tech_gpt-51_6x_20-10_202411_20260803_182955_132622_fbon_scr_wt_hold_inc_w3.json,2024-11,6,20-10,ON,1,2025-01-01,2025-03-03,-6.706,-7.586,0.88,20.8,3.81,1.053,2,0,7,-3.77,,"MSI,QCOM",
psperm_0491_tech_gpt-51_6x_20-10_202411_20260803_182955_132622_fbon_scr_wt_hold_inc_w3.json,2024-11,6,20-10,ON,2,2025-03-03,2025-05-02,-3.413,-0.352,-3.061,0.0,22.29,-0.743,0,1,7,,-13.73,,AAPL
psperm_0491_tech_gpt-51_6x_20-10_202411_20260803_182955_132622_fbon_scr_wt_hold_inc_w3.json,2024-11,6,20-10,ON,3,2025-05-02,2025-07-02,17.641,17.641,0.0,0.0,0.0,-0.0,0,0,8,,,,
psperm_0491_tech_gpt-51_6x_20-10_202411_20260803_182955_132622_fbon_scr_wt_hold_inc_w3.json,2024-11,6,20-10,ON,4,2025-07-02,2025-09-01,6.944,6.944,0.0,0.0,0.0,-0.0,0,0,8,,,,
psperm_0491_tech_gpt-51_6x_20-10_202411_20260803_182955_132622_fbon_scr_wt_hold_inc_w3.json,2024-11,6,20-10,ON,5,2025-09-01,2025-11-01,15.328,15.328,0.0,0.0,0.0,-0.0,0,0,8,,,,
psperm_0491_tech_gpt-51_6x_20-10_202411_20260803_183017_658562_fbon_scr_wt_hold_inc_w0.json,2024-11,6,20-10,ON,1,2025-01-01,2025-03-03,-9.167,-9.324,0.157,0.0,4.65,-0.325,0,2,8,,3.12,,"TXN,MCHP"
psperm_0491_tech_gpt-51_6x_20-10_202411_20260803_183017_658562_fbon_scr_wt_hold_inc_w0.json,2024-11,6,20-10,ON,2,2025-03-03,2025-05-02,-1.517,-1.517,0.0,0.0,0.0,0.0,0,0,10,,,,
psperm_0491_tech_gpt-51_6x_20-10_202411_20260803_183017_658562_fbon_scr_wt_hold_inc_w0.json,2024-11,6,20-10,ON,3,2025-05-02,2025-07-02,17.613,19.328,-1.715,3.37,0.0,-0.97,1,0,9,50.82,,MU,
psperm_0491_tech_gpt-51_6x_20-10_202411_20260803_183017_658562_fbon_scr_wt_hold_inc_w0.json,2024-11,6,20-10,ON,4,2025-07-02,2025-09-01,8.199,8.199,0.0,2.87,2.87,-0.0,0,0,9,,,,
psperm_0491_tech_gpt-51_6x_20-10_202411_20260803_183017_658562_fbon_scr_wt_hold_inc_w0.json,2024-11,6,20-10,ON,5,2025-09-01,2025-11-01,15.811,15.811,0.0,2.65,2.65,-0.0,0,0,9,,,,
psperm_0491_tech_gpt-51_6x_20-10_202411_20260803_183030_476598_fbon_scr_wt_hold_inc_w1.json,2024-11,6,20-10,ON,1,2025-01-01,2025-03-03,-7.135,-7.048,-0.086,0.0,2.76,-0.081,1,1,8,9.24,4.44,NFLX,TXN
psperm_0491_tech_gpt-51_6x_20-10_202411_20260803_183030_476598_fbon_scr_wt_hold_inc_w1.json,2024-11,6,20-10,ON,2,2025-03-03,2025-05-02,-1.285,-2.089,0.804,0.0,0.0,0.0,2,1,7,-8.25,-3.56,"IBM,TXN",COST
psperm_0491_tech_gpt-51_6x_20-10_202411_20260803_183030_476598_fbon_scr_wt_hold_inc_w1.json,2024-11,6,20-10,ON,3,2025-05-02,2025-07-02,15.963,15.765,0.198,0.0,0.0,-0.0,1,1,7,-2.57,-1.0,COST,ACN
psperm_0491_tech_gpt-51_6x_20-10_202411_20260803_183030_476598_fbon_scr_wt_hold_inc_w1.json,2024-11,6,20-10,ON,4,2025-07-02,2025-09-01,7.19,5.588,1.602,0.0,0.0,-0.0,1,1,7,-13.57,1.4,ACN,ADSK
psperm_0491_tech_gpt-51_6x_20-10_202411_20260803_183030_476598_fbon_scr_wt_hold_inc_w1.json,2024-11,6,20-10,ON,5,2025-09-01,2025-11-01,10.662,17.289,-6.627,0.0,0.0,-0.0,2,1,6,41.95,-12.17,"MU,ADSK",META
psperm_0498_tech_gpt-51_12x_20-10_202411_20260803_183236_745647_fbon_scr_wt_hold_inc_w2.json,2024-11,12,20-10,ON,1,2024-12-01,2025-01-01,5.372,4.408,0.964,14.34,4.93,-0.28,2,0,7,-11.3,,"TXN,MCHP",
psperm_0498_tech_gpt-51_12x_20-10_202411_20260803_183236_745647_fbon_scr_wt_hold_inc_w2.json,2024-11,12,20-10,ON,2,2025-01-01,2025-01-31,0.401,0.877,-0.476,0.0,13.61,0.022,1,1,6,8.41,-0.82,MU,TXN
psperm_0498_tech_gpt-51_12x_20-10_202411_20260803_183236_745647_fbon_scr_wt_hold_inc_w2.json,2024-11,12,20-10,ON,3,2025-01-31,2025-03-03,-7.567,-7.567,0.0,0.0,0.0,0.0,0,0,7,,,,
psperm_0498_tech_gpt-51_12x_20-10_202411_20260803_183236_745647_fbon_scr_wt_hold_inc_w2.json,2024-11,12,20-10,ON,4,2025-03-03,2025-04-02,-5.251,-5.251,0.0,0.0,0.0,0.0,0,0,7,,,,
psperm_0498_tech_gpt-51_12x_20-10_202411_20260803_183236_745647_fbon_scr_wt_hold_inc_w2.json,2024-11,12,20-10,ON,5,2025-04-02,2025-05-02,2.107,2.107,0.0,0.0,0.0,-0.0,0,0,7,,,,
psperm_0498_tech_gpt-51_12x_20-10_202411_20260803_183236_745647_fbon_scr_wt_hold_inc_w2.json,2024-11,12,20-10,ON,6,2025-05-02,2025-06-02,7.133,8.699,-1.565,0.0,0.0,-0.0,1,1,6,11.97,2.99,TXN,ACN
psperm_0498_tech_gpt-51_12x_20-10_202411_20260803_183236_745647_fbon_scr_wt_hold_inc_w2.json,2024-11,12,20-10,ON,7,2025-06-02,2025-07-02,5.988,5.339,0.649,16.76,0.0,-1.035,1,0,6,-3.87,,ACN,
psperm_0498_tech_gpt-51_12x_20-10_202411_20260803_183236_745647_fbon_scr_wt_hold_inc_w2.json,2024-11,12,20-10,ON,8,2025-07-02,2025-08-02,3.818,3.01,0.807,0.0,15.81,0.633,0,1,6,,5.11,,META
psperm_0498_tech_gpt-51_12x_20-10_202411_20260803_183236_745647_fbon_scr_wt_hold_inc_w2.json,2024-11,12,20-10,ON,9,2025-08-02,2025-09-01,3.81,3.81,0.0,0.0,0.0,-0.0,0,0,7,,,,
psperm_0498_tech_gpt-51_12x_20-10_202411_20260803_183236_745647_fbon_scr_wt_hold_inc_w2.json,2024-11,12,20-10,ON,10,2025-09-01,2025-10-02,5.466,5.466,0.0,0.0,0.0,-0.0,0,0,7,,,,
psperm_0498_tech_gpt-51_12x_20-10_202411_20260803_183236_745647_fbon_scr_wt_hold_inc_w2.json,2024-11,12,20-10,ON,11,2025-10-02,2025-11-01,4.954,4.954,0.0,0.0,0.0,-0.0,0,0,7,,,,
psperm_0498_tech_gpt-51_12x_20-10_202411_20260803_183343_667645_fbon_scr_wt_hold_inc_w3.json,2024-11,12,20-10,ON,1,2024-12-01,2025-01-01,5.247,2.588,2.658,0.0,6.93,0.189,2,1,7,-10.35,5.52,"TXN,MU",AAPL
psperm_0498_tech_gpt-51_12x_20-10_202411_20260803_183343_667645_fbon_scr_wt_hold_inc_w3.json,2024-11,12,20-10,ON,2,2025-01-01,2025-01-31,0.169,0.169,0.0,0.0,0.0,-0.0,0,0,8,,,,
psperm_0498_tech_gpt-51_12x_20-10_202411_20260803_183343_667645_fbon_scr_wt_hold_inc_w3.json,2024-11,12,20-10,ON,3,2025-01-31,2025-03-03,-8.605,-9.0,0.395,0.0,0.0,0.0,1,1,7,-1.5,5.3,IBM,TXN
psperm_0498_tech_gpt-51_12x_20-10_202411_20260803_183343_667645_fbon_scr_wt_hold_inc_w3.json,2024-11,12,20-10,ON,4,2025-03-03,2025-04-02,-3.832,-4.39,0.558,6.69,0.0,0.271,1,0,7,-8.33,,TXN,
psperm_0498_tech_gpt-51_12x_20-10_202411_20260803_183343_667645_fbon_scr_wt_hold_inc_w3.json,2024-11,12,20-10,ON,5,2025-04-02,2025-05-02,2.863,2.328,0.535,0.0,6.96,0.284,0,1,7,,7.69,,SNPS
psperm_0498_tech_gpt-51_12x_20-10_202411_20260803_183343_667645_fbon_scr_wt_hold_inc_w3.json,2024-11,12,20-10,ON,6,2025-05-02,2025-06-02,7.242,7.242,0.0,0.0,0.0,-0.0,0,0,8,,,,
psperm_0498_tech_gpt-51_12x_20-10_202411_20260803_183343_667645_fbon_scr_wt_hold_inc_w3.json,2024-11,12,20-10,ON,7,2025-06-02,2025-07-02,8.433,8.433,0.0,0.0,0.0,-0.0,0,0,8,,,,
psperm_0498_tech_gpt-51_12x_20-10_202411_20260803_183343_667645_fbon_scr_wt_hold_inc_w3.json,2024-11,12,20-10,ON,8,2025-07-02,2025-08-02,4.108,5.673,-1.565,0.0,0.0,-0.0,1,1,7,18.26,-4.29,SNPS,ADSK
psperm_0498_tech_gpt-51_12x_20-10_202411_20260803_183343_667645_fbon_scr_wt_hold_inc_w3.json,2024-11,12,20-10,ON,9,2025-08-02,2025-09-01,4.357,4.737,-0.38,6.38,0.0,-0.278,1,0,7,5.95,,ADSK,
psperm_0498_tech_gpt-51_12x_20-10_202411_20260803_183343_667645_fbon_scr_wt_hold_inc_w3.json,2024-11,12,20-10,ON,10,2025-09-01,2025-10-02,6.831,6.831,0.0,6.11,6.11,-0.0,0,0,7,,,,
psperm_0498_tech_gpt-51_12x_20-10_202411_20260803_183343_667645_fbon_scr_wt_hold_inc_w3.json,2024-11,12,20-10,ON,11,2025-10-02,2025-11-01,9.2,10.213,-1.012,16.61,5.72,-1.512,1,0,6,9.3,,AVGO,
psperm_0498_tech_gpt-51_12x_20-10_202411_20260803_183442_679526_fbon_scr_wt_hold_inc_w0.json,2024-11,12,20-10,ON,1,2024-12-01,2025-01-01,3.432,3.432,0.0,1.96,1.96,-0.0,0,0,9,,,,
psperm_0498_tech_gpt-51_12x_20-10_202411_20260803_183442_679526_fbon_scr_wt_hold_inc_w0.json,2024-11,12,20-10,ON,2,2025-01-01,2025-01-31,1.812,2.275,-0.463,11.69,1.89,-0.319,2,0,7,3.17,,"AMAT,AVGO",
psperm_0498_tech_gpt-51_12x_20-10_202411_20260803_183442_679526_fbon_scr_wt_hold_inc_w0.json,2024-11,12,20-10,ON,3,2025-01-31,2025-03-03,-8.897,-8.048,-0.849,0.0,11.48,-0.72,1,2,6,-1.5,-6.03,IBM,"TXN,TSM"
psperm_0498_tech_gpt-51_12x_20-10_202411_20260803_183442_679526_fbon_scr_wt_hold_inc_w0.json,2024-11,12,20-10,ON,4,2025-03-03,2025-04-02,-3.38,-4.174,0.794,15.4,0.0,0.625,2,0,6,-4.72,,"TXN,TSM",
psperm_0498_tech_gpt-51_12x_20-10_202411_20260803_183442_679526_fbon_scr_wt_hold_inc_w0.json,2024-11,12,20-10,ON,5,2025-04-02,2025-05-02,1.74,2.062,-0.322,0.0,15.94,-0.045,0,2,6,,-2.02,,"TSM,QCOM"
psperm_0498_tech_gpt-51_12x_20-10_202411_20260803_183442_679526_fbon_scr_wt_hold_inc_w0.json,2024-11,12,20-10,ON,6,2025-05-02,2025-06-02,6.41,7.195,-0.785,0.0,0.0,-0.0,1,1,7,21.63,2.99,MU,ACN
psperm_0498_tech_gpt-51_12x_20-10_202411_20260803_183442_679526_fbon_scr_wt_hold_inc_w0.json,2024-11,12,20-10,ON,7,2025-06-02,2025-07-02,8.223,8.065,0.158,4.07,0.0,-0.337,1,0,7,-3.87,,ACN,
psperm_0498_tech_gpt-51_12x_20-10_202411_20260803_183442_679526_fbon_scr_wt_hold_inc_w0.json,2024-11,12,20-10,ON,8,2025-07-02,2025-08-02,2.21,2.221,-0.011,0.0,3.77,0.037,1,2,6,0.69,0.41,TSM,"ADSK,META"
psperm_0498_tech_gpt-51_12x_20-10_202411_20260803_183442_679526_fbon_scr_wt_hold_inc_w0.json,2024-11,12,20-10,ON,9,2025-08-02,2025-09-01,4.517,4.833,-0.317,0.0,0.0,-0.0,1,1,7,5.95,0.8,ADSK,DDOG
psperm_0498_tech_gpt-51_12x_20-10_202411_20260803_183442_679526_fbon_scr_wt_hold_inc_w0.json,2024-11,12,20-10,ON,10,2025-09-01,2025-10-02,5.181,5.827,-0.645,5.93,0.0,-0.36,1,0,7,10.89,,DDOG,
psperm_0498_tech_gpt-51_12x_20-10_202411_20260803_183442_679526_fbon_scr_wt_hold_inc_w0.json,2024-11,12,20-10,ON,11,2025-10-02,2025-11-01,5.961,5.9,0.062,0.0,5.63,0.212,0,2,7,,0.3,,"TSM,SNPS"
psperm_0561_tech_gpt-51_2x_20-10_202412_20260803_183113_215581_fbon_scr_wt_hold_inc_w1.json,2024-12,2,20-10,ON,1,2025-06-01,2025-12-01,29.783,29.162,0.62,15.95,9.49,-1.795,1,0,7,-9.6,,NFLX,
psperm_0561_tech_gpt-51_2x_20-10_202412_20260803_183200_559917_fbon_scr_wt_hold_inc_w1.json,2024-12,2,20-10,ON,1,2025-06-01,2025-12-01,40.173,37.745,2.427,0.0,4.87,2.096,0,1,9,,49.83,,TSM
psperm_0561_tech_gpt-51_2x_20-10_202412_20260803_183247_637488_fbon_scr_wt_hold_inc_w1.json,2024-12,2,20-10,ON,1,2025-06-01,2025-12-01,37.431,37.431,0.0,4.89,4.89,-0.0,0,0,9,,,,
psperm_0568_tech_gpt-51_4x_20-10_202412_20260803_183359_239599_fbon_scr_wt_hold_inc_w2.json,2024-12,4,20-10,ON,1,2025-03-02,2025-06-01,4.159,3.73,0.429,8.04,2.01,-0.295,1,0,8,-7.12,,QCOM,
psperm_0568_tech_gpt-51_4x_20-10_202412_20260803_183359_239599_fbon_scr_wt_hold_inc_w2.json,2024-12,4,20-10,ON,2,2025-06-01,2025-09-01,18.167,15.91,2.257,0.0,7.72,1.258,1,1,7,-11.36,14.17,INTU,META
psperm_0568_tech_gpt-51_4x_20-10_202412_20260803_183359_239599_fbon_scr_wt_hold_inc_w2.json,2024-12,4,20-10,ON,3,2025-09-01,2025-12-01,13.131,11.679,1.453,5.31,0.0,-0.406,1,0,7,-27.38,,SNPS,
psperm_0568_tech_gpt-51_4x_20-10_202412_20260803_183410_829064_fbon_scr_wt_hold_inc_w1.json,2024-12,4,20-10,ON,1,2025-03-02,2025-06-01,2.873,2.838,0.035,11.42,5.03,-0.143,1,0,8,-0.55,,AMAT,
psperm_0568_tech_gpt-51_4x_20-10_202412_20260803_183410_829064_fbon_scr_wt_hold_inc_w1.json,2024-12,4,20-10,ON,2,2025-06-01,2025-09-01,17.494,15.921,1.573,0.0,11.1,2.041,0,1,8,,14.17,,META
psperm_0568_tech_gpt-51_4x_20-10_202412_20260803_183410_829064_fbon_scr_wt_hold_inc_w1.json,2024-12,4,20-10,ON,3,2025-09-01,2025-12-01,8.454,17.143,-8.689,21.0,0.0,-4.573,3,0,6,45.79,,"AVGO,QCOM,MU",
psperm_0568_tech_gpt-51_4x_20-10_202412_20260803_183512_901576_fbon_scr_wt_hold_inc_w3.json,2024-12,4,20-10,ON,1,2025-03-02,2025-06-01,4.72,4.685,0.036,8.45,2.03,-0.268,1,0,9,-0.55,,AMAT,
psperm_0568_tech_gpt-51_4x_20-10_202412_20260803_183512_901576_fbon_scr_wt_hold_inc_w3.json,2024-12,4,20-10,ON,2,2025-06-01,2025-09-01,17.044,17.044,0.0,8.07,8.07,-0.0,0,0,9,,,,
psperm_0568_tech_gpt-51_4x_20-10_202412_20260803_183512_901576_fbon_scr_wt_hold_inc_w3.json,2024-12,4,20-10,ON,3,2025-09-01,2025-12-01,13.4,15.489,-2.088,15.25,6.9,-1.381,1,0,8,25.0,,TSM,
psperm_0575_tech_gpt-51_6x_20-10_202412_20260803_183604_750819_fbon_scr_wt_hold_inc_w2.json,2024-12,6,20-10,ON,1,2025-01-31,2025-04-02,-13.649,-13.57,-0.079,0.0,4.6,-0.542,2,1,7,-10.68,-8.03,"TXN,AMAT",NVDA
psperm_0575_tech_gpt-51_6x_20-10_202412_20260803_183604_750819_fbon_scr_wt_hold_inc_w2.json,2024-12,6,20-10,ON,2,2025-04-02,2025-06-01,12.81,12.81,0.0,0.0,0.0,-0.0,0,0,8,,,,
psperm_0575_tech_gpt-51_6x_20-10_202412_20260803_183604_750819_fbon_scr_wt_hold_inc_w2.json,2024-12,6,20-10,ON,3,2025-06-01,2025-08-01,13.538,13.538,0.0,0.0,0.0,-0.0,0,0,8,,,,
psperm_0575_tech_gpt-51_6x_20-10_202412_20260803_183604_750819_fbon_scr_wt_hold_inc_w2.json,2024-12,6,20-10,ON,4,2025-08-01,2025-10-01,11.115,14.598,-3.482,0.0,0.0,-0.0,1,1,7,73.67,-4.29,MU,META
psperm_0575_tech_gpt-51_6x_20-10_202412_20260803_183604_750819_fbon_scr_wt_hold_inc_w2.json,2024-12,6,20-10,ON,5,2025-10-01,2025-12-01,6.892,6.96,-0.068,0.0,0.0,-0.0,1,1,7,0.93,-0.27,QCOM,TSM
psperm_0575_tech_gpt-51_6x_20-10_202412_20260803_183608_479704_fbon_scr_wt_hold_inc_w1.json,2024-12,6,20-10,ON,1,2025-01-31,2025-04-02,-14.108,-13.257,-0.852,0.0,4.66,-0.594,0,1,8,,-18.28,,TSM
psperm_0575_tech_gpt-51_6x_20-10_202412_20260803_183608_479704_fbon_scr_wt_hold_inc_w1.json,2024-12,6,20-10,ON,2,2025-04-02,2025-06-01,11.519,11.212,0.307,5.33,0.0,-0.603,1,0,8,-5.76,,QCOM,
psperm_0575_tech_gpt-51_6x_20-10_202412_20260803_183608_479704_fbon_scr_wt_hold_inc_w1.json,2024-12,6,20-10,ON,3,2025-06-01,2025-08-01,12.385,11.904,0.482,0.0,4.78,0.674,1,1,7,22.11,15.92,TSM,META
psperm_0575_tech_gpt-51_6x_20-10_202412_20260803_183608_479704_fbon_scr_wt_hold_inc_w1.json,2024-12,6,20-10,ON,4,2025-08-01,2025-10-01,9.965,13.392,-3.427,4.65,0.0,-0.877,1,0,7,73.67,,MU,
psperm_0575_tech_gpt-51_6x_20-10_202412_20260803_183608_479704_fbon_scr_wt_hold_inc_w1.json,2024-12,6,20-10,ON,5,2025-10-01,2025-12-01,6.83,7.221,-0.39,0.0,4.23,0.166,0,1,7,,-9.22,,PANW
psperm_0575_tech_gpt-51_6x_20-10_202412_20260803_183635_712338_fbon_scr_wt_hold_inc_w0.json,2024-12,6,20-10,ON,1,2025-01-31,2025-04-02,-12.968,-15.062,2.094,14.82,2.79,1.771,2,0,6,-17.22,,"AMAT,SNPS",
psperm_0575_tech_gpt-51_6x_20-10_202412_20260803_183635_712338_fbon_scr_wt_hold_inc_w0.json,2024-12,6,20-10,ON,2,2025-04-02,2025-06-01,12.508,12.508,0.0,17.03,17.03,-0.0,0,0,6,,,,
psperm_0575_tech_gpt-51_6x_20-10_202412_20260803_183635_712338_fbon_scr_wt_hold_inc_w0.json,2024-12,6,20-10,ON,3,2025-06-01,2025-08-01,14.248,11.369,2.879,0.0,15.14,2.19,0,2,6,,19.02,,"META,TSM"
psperm_0575_tech_gpt-51_6x_20-10_202412_20260803_183635_712338_fbon_scr_wt_hold_inc_w0.json,2024-12,6,20-10,ON,4,2025-08-01,2025-10-01,9.21,11.55,-2.34,14.9,0.0,-1.868,1,0,7,15.7,,AVGO,
psperm_0575_tech_gpt-51_6x_20-10_202412_20260803_183635_712338_fbon_scr_wt_hold_inc_w0.json,2024-12,6,20-10,ON,5,2025-10-01,2025-12-01,4.828,4.803,0.025,22.76,13.65,-0.319,1,0,6,-0.27,,TSM,
psperm_0582_tech_gpt-51_12x_20-10_202412_20260803_183904_679483_fbon_scr_wt_hold_inc_w3.json,2024-12,12,20-10,ON,1,2024-12-31,2025-01-31,1.522,1.522,0.0,4.76,4.76,-0.0,0,0,9,,,,
psperm_0582_tech_gpt-51_12x_20-10_202412_20260803_183904_679483_fbon_scr_wt_hold_inc_w3.json,2024-12,12,20-10,ON,2,2025-01-31,2025-03-02,-6.1,-6.1,0.0,4.69,4.69,0.0,0,0,9,,,,
psperm_0582_tech_gpt-51_12x_20-10_202412_20260803_183904_679483_fbon_scr_wt_hold_inc_w3.json,2024-12,12,20-10,ON,3,2025-03-02,2025-04-02,-6.828,-6.929,0.1,11.97,5.0,0.521,1,0,8,-1.44,,QCOM,
psperm_0582_tech_gpt-51_12x_20-10_202412_20260803_183904_679483_fbon_scr_wt_hold_inc_w3.json,2024-12,12,20-10,ON,4,2025-04-02,2025-05-02,2.957,2.627,0.33,17.63,12.84,-0.079,1,0,7,-6.89,,TXN,
psperm_0582_tech_gpt-51_12x_20-10_202412_20260803_183904_679483_fbon_scr_wt_hold_inc_w3.json,2024-12,12,20-10,ON,5,2025-05-02,2025-06-01,8.213,6.765,1.448,0.0,17.13,1.688,0,1,7,,8.45,,META
psperm_0582_tech_gpt-51_12x_20-10_202412_20260803_183904_679483_fbon_scr_wt_hold_inc_w3.json,2024-12,12,20-10,ON,6,2025-06-01,2025-07-02,9.27,9.27,0.0,0.0,0.0,-0.0,0,0,8,,,,
psperm_0582_tech_gpt-51_12x_20-10_202412_20260803_183904_679483_fbon_scr_wt_hold_inc_w3.json,2024-12,12,20-10,ON,7,2025-07-02,2025-08-01,3.112,3.112,0.0,0.0,0.0,-0.0,0,0,8,,,,
psperm_0582_tech_gpt-51_12x_20-10_202412_20260803_183904_679483_fbon_scr_wt_hold_inc_w3.json,2024-12,12,20-10,ON,8,2025-08-01,2025-09-01,3.323,4.266,-0.944,15.33,0.0,-0.884,2,0,6,8.25,,"AVGO,MU",
psperm_0582_tech_gpt-51_12x_20-10_202412_20260803_183904_679483_fbon_scr_wt_hold_inc_w3.json,2024-12,12,20-10,ON,9,2025-09-01,2025-10-01,5.489,3.665,1.824,0.0,14.83,0.87,0,1,6,,12.3,,AVGO
psperm_0582_tech_gpt-51_12x_20-10_202412_20260803_183904_679483_fbon_scr_wt_hold_inc_w3.json,2024-12,12,20-10,ON,10,2025-10-01,2025-11-01,5.662,5.662,0.0,0.0,0.0,-0.0,0,0,7,,,,
psperm_0582_tech_gpt-51_12x_20-10_202412_20260803_183904_679483_fbon_scr_wt_hold_inc_w3.json,2024-12,12,20-10,ON,11,2025-11-01,2025-12-01,0.815,0.815,0.0,0.0,0.0,0.0,0,0,7,,,,
psperm_0582_tech_gpt-51_12x_20-10_202412_20260803_183957_033335_fbon_scr_wt_hold_inc_w2.json,2024-12,12,20-10,ON,1,2024-12-31,2025-01-31,2.564,2.31,0.254,16.58,3.97,-0.183,2,0,7,-3.07,,"TXN,MCHP",
psperm_0582_tech_gpt-51_12x_20-10_202412_20260803_183957_033335_fbon_scr_wt_hold_inc_w2.json,2024-12,12,20-10,ON,2,2025-01-31,2025-03-02,-3.395,-5.689,2.294,0.0,16.16,-0.507,1,1,6,-9.11,6.16,QCOM,TXN
psperm_0582_tech_gpt-51_12x_20-10_202412_20260803_183957_033335_fbon_scr_wt_hold_inc_w2.json,2024-12,12,20-10,ON,3,2025-03-02,2025-04-02,-7.406,-7.406,0.0,0.0,0.0,0.0,0,0,7,,,,
psperm_0582_tech_gpt-51_12x_20-10_202412_20260803_183957_033335_fbon_scr_wt_hold_inc_w2.json,2024-12,12,20-10,ON,4,2025-04-02,2025-05-02,-0.571,-0.571,0.0,0.0,0.0,0.0,0,0,7,,,,
psperm_0582_tech_gpt-51_12x_20-10_202412_20260803_183957_033335_fbon_scr_wt_hold_inc_w2.json,2024-12,12,20-10,ON,5,2025-05-02,2025-06-01,7.771,7.771,0.0,0.0,0.0,-0.0,0,0,7,,,,
psperm_0582_tech_gpt-51_12x_20-10_202412_20260803_183957_033335_fbon_scr_wt_hold_inc_w2.json,2024-12,12,20-10,ON,6,2025-06-01,2025-07-02,6.632,11.233,-4.601,25.7,0.0,-3.195,1,0,6,17.91,,TXN,
psperm_0582_tech_gpt-51_12x_20-10_202412_20260803_183957_033335_fbon_scr_wt_hold_inc_w2.json,2024-12,12,20-10,ON,7,2025-07-02,2025-08-01,2.49,0.982,1.507,0.0,24.1,0.43,0,2,6,,6.03,,"AVGO,META"
psperm_0582_tech_gpt-51_12x_20-10_202412_20260803_183957_033335_fbon_scr_wt_hold_inc_w2.json,2024-12,12,20-10,ON,8,2025-08-01,2025-09-01,5.084,5.084,0.0,0.0,0.0,-0.0,0,0,8,,,,
psperm_0582_tech_gpt-51_12x_20-10_202412_20260803_183957_033335_fbon_scr_wt_hold_inc_w2.json,2024-12,12,20-10,ON,9,2025-09-01,2025-10-01,5.84,9.823,-3.983,7.51,0.0,-0.883,1,0,7,53.05,,MU,
psperm_0582_tech_gpt-51_12x_20-10_202412_20260803_183957_033335_fbon_scr_wt_hold_inc_w2.json,2024-12,12,20-10,ON,10,2025-10-01,2025-11-01,6.335,6.406,-0.07,0.0,7.09,0.349,0,1,7,,-0.99,,ADBE
psperm_0582_tech_gpt-51_12x_20-10_202412_20260803_183957_033335_fbon_scr_wt_hold_inc_w2.json,2024-12,12,20-10,ON,11,2025-11-01,2025-12-01,0.248,1.006,-0.759,17.05,0.0,0.133,1,0,7,4.45,,AVGO,
psperm_0582_tech_gpt-51_12x_20-10_202412_20260803_184005_058475_fbon_scr_wt_hold_inc_w1.json,2024-12,12,20-10,ON,1,2024-12-31,2025-01-31,1.042,1.481,-0.439,11.19,1.95,-0.234,2,0,8,12.01,,"MCHP,ARM",
psperm_0582_tech_gpt-51_12x_20-10_202412_20260803_184005_058475_fbon_scr_wt_hold_inc_w1.json,2024-12,12,20-10,ON,2,2025-01-31,2025-03-02,-6.706,-5.183,-1.523,0.0,11.07,-0.487,0,1,8,,-13.75,,TSM
psperm_0582_tech_gpt-51_12x_20-10_202412_20260803_184005_058475_fbon_scr_wt_hold_inc_w1.json,2024-12,12,20-10,ON,3,2025-03-02,2025-04-02,-6.802,-7.339,0.537,10.24,0.0,0.809,1,0,8,-5.25,,TSM,
psperm_0582_tech_gpt-51_12x_20-10_202412_20260803_184005_058475_fbon_scr_wt_hold_inc_w1.json,2024-12,12,20-10,ON,4,2025-04-02,2025-05-02,0.915,1.932,-1.017,0.0,10.98,0.049,0,1,8,,-9.26,,QCOM
psperm_0582_tech_gpt-51_12x_20-10_202412_20260803_184005_058475_fbon_scr_wt_hold_inc_w1.json,2024-12,12,20-10,ON,5,2025-05-02,2025-06-01,7.363,7.363,0.0,0.0,0.0,-0.0,0,0,9,,,,
psperm_0582_tech_gpt-51_12x_20-10_202412_20260803_184005_058475_fbon_scr_wt_hold_inc_w1.json,2024-12,12,20-10,ON,6,2025-06-01,2025-07-02,9.514,9.722,-0.207,0.0,0.0,-0.0,1,1,8,12.46,10.29,QCOM,META
psperm_0582_tech_gpt-51_12x_20-10_202412_20260803_184005_058475_fbon_scr_wt_hold_inc_w1.json,2024-12,12,20-10,ON,7,2025-07-02,2025-08-01,0.884,0.884,0.0,0.0,0.0,0.0,0,0,9,,,,
psperm_0582_tech_gpt-51_12x_20-10_202412_20260803_184005_058475_fbon_scr_wt_hold_inc_w1.json,2024-12,12,20-10,ON,8,2025-08-01,2025-09-01,4.928,5.538,-0.61,0.0,0.0,-0.0,1,1,8,13.47,-1.85,MU,TSM
psperm_0582_tech_gpt-51_12x_20-10_202412_20260803_184005_058475_fbon_scr_wt_hold_inc_w1.json,2024-12,12,20-10,ON,9,2025-09-01,2025-10-01,3.915,4.859,-0.944,3.72,0.0,-0.23,1,0,8,25.34,,TSM,
psperm_0582_tech_gpt-51_12x_20-10_202412_20260803_184005_058475_fbon_scr_wt_hold_inc_w1.json,2024-12,12,20-10,ON,10,2025-10-01,2025-11-01,4.968,4.968,0.0,3.58,3.58,-0.0,0,0,8,,,,
psperm_0582_tech_gpt-51_12x_20-10_202412_20260803_184005_058475_fbon_scr_wt_hold_inc_w1.json,2024-12,12,20-10,ON,11,2025-11-01,2025-12-01,0.839,1.254,-0.415,12.73,3.41,-0.035,1,0,7,4.45,,AVGO,
psperm_0645_tech_gpt-51_2x_20-10_202501_20260803_183720_955148_fbon_scr_wt_hold_inc_w0.json,2025-01,2,20-10,ON,1,2025-07-02,2026-01-01,25.541,25.13,0.411,7.76,3.73,-1.168,1,0,8,-10.21,,SNPS,
psperm_0645_tech_gpt-51_2x_20-10_202501_20260803_183802_806505_fbon_scr_wt_hold_inc_w0.json,2025-01,2,20-10,ON,1,2025-07-02,2026-01-01,26.889,29.991,-3.101,0.0,4.62,1.552,2,2,5,58.34,17.9,"TXN,MU","TSM,AMZN"
psperm_0645_tech_gpt-51_2x_20-10_202501_20260803_183850_879702_fbon_scr_wt_hold_inc_w0.json,2025-01,2,20-10,ON,1,2025-07-02,2026-01-01,22.943,29.158,-6.215,0.0,2.84,0.848,1,2,8,74.84,-8.78,GOOG,"META,SNPS"
psperm_0652_tech_gpt-51_4x_20-10_202501_20260803_184011_584683_fbon_scr_wt_hold_inc_w0.json,2025-01,4,20-10,ON,1,2025-04-02,2025-07-02,17.255,20.024,-2.77,22.0,4.49,-4.183,2,0,7,14.0,,"TXN,QCOM",
psperm_0652_tech_gpt-51_4x_20-10_202501_20260803_184011_584683_fbon_scr_wt_hold_inc_w0.json,2025-01,4,20-10,ON,2,2025-07-02,2025-10-02,14.837,15.691,-0.854,0.0,18.77,3.886,1,2,6,51.08,12.24,MU,"META,AMD"
psperm_0652_tech_gpt-51_4x_20-10_202501_20260803_184011_584683_fbon_scr_wt_hold_inc_w0.json,2025-01,4,20-10,ON,3,2025-10-02,2026-01-01,5.531,5.531,0.0,0.0,0.0,-0.0,0,0,8,,,,
psperm_0652_tech_gpt-51_4x_20-10_202501_20260803_184027_130531_fbon_scr_wt_hold_inc_w3.json,2025-01,4,20-10,ON,1,2025-04-02,2025-07-02,16.991,21.555,-4.564,21.38,5.63,-3.993,2,0,7,29.71,,"TXN,MU",
psperm_0652_tech_gpt-51_4x_20-10_202501_20260803_184027_130531_fbon_scr_wt_hold_inc_w3.json,2025-01,4,20-10,ON,2,2025-07-02,2025-10-02,13.663,12.805,0.859,0.0,18.28,2.091,1,2,6,-9.93,1.05,SNPS,"META,CRWD"
psperm_0652_tech_gpt-51_4x_20-10_202501_20260803_184027_130531_fbon_scr_wt_hold_inc_w3.json,2025-01,4,20-10,ON,3,2025-10-02,2026-01-01,3.418,3.1,0.318,5.64,0.0,-0.124,1,0,7,-5.64,,CRWD,
psperm_0652_tech_gpt-51_4x_20-10_202501_20260803_184123_363053_fbon_scr_wt_hold_inc_w2.json,2025-01,4,20-10,ON,1,2025-04-02,2025-07-02,21.173,21.173,0.0,5.65,5.65,-0.0,0,0,9,,,,
psperm_0652_tech_gpt-51_4x_20-10_202501_20260803_184123_363053_fbon_scr_wt_hold_inc_w2.json,2025-01,4,20-10,ON,2,2025-07-02,2025-10-02,15.232,14.733,0.499,9.68,4.66,-0.765,1,0,8,-9.93,,SNPS,
psperm_0652_tech_gpt-51_4x_20-10_202501_20260803_184123_363053_fbon_scr_wt_hold_inc_w2.json,2025-01,4,20-10,ON,3,2025-10-02,2026-01-01,8.578,9.345,-0.768,0.0,8.4,0.697,0,1,8,,-9.14,,META
psperm_0659_tech_gpt-51_6x_20-10_202501_20260803_184202_881777_fbon_scr_wt_hold_inc_w1.json,2025-01,6,20-10,ON,1,2025-03-03,2025-05-03,-0.197,-0.754,0.557,0.0,5.41,-0.168,2,2,6,-11.57,-4.84,"TXN,QCOM","AAPL,TSM"
psperm_0659_tech_gpt-51_6x_20-10_202501_20260803_184202_881777_fbon_scr_wt_hold_inc_w1.json,2025-01,6,20-10,ON,2,2025-05-03,2025-07-02,17.221,19.92,-2.698,0.0,0.0,-0.0,1,1,7,50.82,-1.0,MU,ACN
psperm_0659_tech_gpt-51_6x_20-10_202501_20260803_184202_881777_fbon_scr_wt_hold_inc_w1.json,2025-01,6,20-10,ON,3,2025-07-02,2025-09-01,8.163,7.034,1.128,0.0,0.0,-0.0,2,2,6,-7.37,2.46,"TSM,ACN","META,ADSK"
psperm_0659_tech_gpt-51_6x_20-10_202501_20260803_184202_881777_fbon_scr_wt_hold_inc_w1.json,2025-01,6,20-10,ON,4,2025-09-01,2025-11-01,9.658,12.138,-2.48,16.29,0.0,-1.667,2,0,6,10.13,,"AVGO,ADSK",
psperm_0659_tech_gpt-51_6x_20-10_202501_20260803_184202_881777_fbon_scr_wt_hold_inc_w1.json,2025-01,6,20-10,ON,5,2025-11-01,2026-01-01,-0.481,-0.481,0.0,14.85,14.85,0.0,0,0,6,,,,
psperm_0659_tech_gpt-51_6x_20-10_202501_20260803_184210_422857_fbon_scr_wt_hold_inc_w0.json,2025-01,6,20-10,ON,1,2025-03-03,2025-05-03,-0.592,-2.232,1.64,16.56,5.36,0.25,1,0,8,-14.65,,TXN,
psperm_0659_tech_gpt-51_6x_20-10_202501_20260803_184210_422857_fbon_scr_wt_hold_inc_w0.json,2025-01,6,20-10,ON,2,2025-05-03,2025-07-02,16.021,14.694,1.328,0.0,16.66,3.568,1,1,7,50.82,19.61,MU,META
psperm_0659_tech_gpt-51_6x_20-10_202501_20260803_184210_422857_fbon_scr_wt_hold_inc_w0.json,2025-01,6,20-10,ON,3,2025-07-02,2025-09-01,7.275,7.974,-0.7,0.0,0.0,-0.0,1,1,7,15.37,1.4,SNPS,ADSK
psperm_0659_tech_gpt-51_6x_20-10_202501_20260803_184210_422857_fbon_scr_wt_hold_inc_w0.json,2025-01,6,20-10,ON,4,2025-09-01,2025-11-01,9.494,8.197,1.297,0.0,0.0,-0.0,1,2,7,-4.25,21.88,ADSK,"CRWD,PANW"
psperm_0659_tech_gpt-51_6x_20-10_202501_20260803_184210_422857_fbon_scr_wt_hold_inc_w0.json,2025-01,6,20-10,ON,5,2025-11-01,2026-01-01,-0.441,-1.223,0.782,5.33,0.0,0.249,2,0,7,-15.02,,"CRWD,PANW",
psperm_0659_tech_gpt-51_6x_20-10_202501_20260803_184232_042756_fbon_scr_wt_hold_inc_w3.json,2025-01,6,20-10,ON,1,2025-03-03,2025-05-03,-1.633,-0.237,-1.396,0.0,2.18,-0.054,1,1,8,-4.65,-13.73,MSI,AAPL
psperm_0659_tech_gpt-51_6x_20-10_202501_20260803_184232_042756_fbon_scr_wt_hold_inc_w3.json,2025-01,6,20-10,ON,2,2025-05-03,2025-07-02,20.656,20.656,0.0,0.0,0.0,-0.0,0,0,9,,,,
psperm_0659_tech_gpt-51_6x_20-10_202501_20260803_184232_042756_fbon_scr_wt_hold_inc_w3.json,2025-01,6,20-10,ON,3,2025-07-02,2025-09-01,7.335,7.135,0.2,9.3,0.0,-0.67,1,0,8,-2.15,,MU,
psperm_0659_tech_gpt-51_6x_20-10_202501_20260803_184232_042756_fbon_scr_wt_hold_inc_w3.json,2025-01,6,20-10,ON,4,2025-09-01,2025-11-01,11.142,9.824,1.318,13.97,8.66,-0.358,1,0,7,-24.8,,SNPS,
psperm_0659_tech_gpt-51_6x_20-10_202501_20260803_184232_042756_fbon_scr_wt_hold_inc_w3.json,2025-01,6,20-10,ON,5,2025-11-01,2026-01-01,1.122,-0.649,1.772,0.0,12.57,-0.016,1,2,6,-6.19,2.7,AVGO,"SNPS,META"
psperm_0666_tech_gpt-51_12x_20-10_202501_20260803_184510_347747_fbon_scr_wt_hold_inc_w2.json,2025-01,12,20-10,ON,1,2025-01-31,2025-03-03,-7.324,-7.39,0.066,30.02,0.0,1.631,4,0,6,0.78,,"TXN,MSI,MU,MCHP",
psperm_0666_tech_gpt-51_12x_20-10_202501_20260803_184510_347747_fbon_scr_wt_hold_inc_w2.json,2025-01,12,20-10,ON,2,2025-03-03,2025-04-02,-3.703,-3.05,-0.653,0.0,32.4,-1.43,0,1,6,,-2.02,,MU
psperm_0666_tech_gpt-51_12x_20-10_202501_20260803_184510_347747_fbon_scr_wt_hold_inc_w2.json,2025-01,12,20-10,ON,3,2025-04-02,2025-05-03,-0.155,-0.155,0.0,0.0,0.0,-0.0,0,0,7,,,,
psperm_0666_tech_gpt-51_12x_20-10_202501_20260803_184510_347747_fbon_scr_wt_hold_inc_w2.json,2025-01,12,20-10,ON,4,2025-05-03,2025-06-02,12.204,12.204,0.0,0.0,0.0,-0.0,0,0,7,,,,
psperm_0666_tech_gpt-51_12x_20-10_202501_20260803_184510_347747_fbon_scr_wt_hold_inc_w2.json,2025-01,12,20-10,ON,5,2025-06-02,2025-07-02,8.769,12.795,-4.026,0.0,0.0,-0.0,1,2,6,24.0,13.39,MU,"META,TSM"
psperm_0666_tech_gpt-51_12x_20-10_202501_20260803_184510_347747_fbon_scr_wt_hold_inc_w2.json,2025-01,12,20-10,ON,6,2025-07-02,2025-08-02,3.675,3.675,0.0,0.0,0.0,-0.0,0,0,8,,,,
psperm_0666_tech_gpt-51_12x_20-10_202501_20260803_184510_347747_fbon_scr_wt_hold_inc_w2.json,2025-01,12,20-10,ON,7,2025-08-02,2025-09-01,3.013,2.77,0.242,13.14,0.0,-0.506,1,0,7,-1.85,,TSM,
psperm_0666_tech_gpt-51_12x_20-10_202501_20260803_184510_347747_fbon_scr_wt_hold_inc_w2.json,2025-01,12,20-10,ON,8,2025-09-01,2025-10-02,5.678,4.522,1.156,0.0,12.75,0.907,1,1,6,13.91,10.89,AVGO,DDOG
psperm_0666_tech_gpt-51_12x_20-10_202501_20260803_184510_347747_fbon_scr_wt_hold_inc_w2.json,2025-01,12,20-10,ON,9,2025-10-02,2025-11-01,4.279,4.279,0.0,0.0,0.0,-0.0,0,0,7,,,,
psperm_0666_tech_gpt-51_12x_20-10_202501_20260803_184510_347747_fbon_scr_wt_hold_inc_w2.json,2025-01,12,20-10,ON,10,2025-11-01,2025-12-02,1.082,-0.493,1.575,0.0,0.0,0.0,1,1,6,-3.89,3.23,DDOG,AVGO
psperm_0666_tech_gpt-51_12x_20-10_202501_20260803_184510_347747_fbon_scr_wt_hold_inc_w2.json,2025-01,12,20-10,ON,11,2025-12-02,2026-01-01,-2.478,-2.478,0.0,0.0,0.0,0.0,0,0,7,,,,
psperm_0666_tech_gpt-51_12x_20-10_202501_20260803_184601_326525_fbon_scr_wt_hold_inc_w0.json,2025-01,12,20-10,ON,1,2025-01-31,2025-03-03,-7.151,-6.795,-0.356,9.73,5.0,0.239,1,0,8,7.52,,MCHP,
psperm_0666_tech_gpt-51_12x_20-10_202501_20260803_184601_326525_fbon_scr_wt_hold_inc_w0.json,2025-01,12,20-10,ON,2,2025-03-03,2025-04-02,-3.424,-4.174,0.75,19.48,10.48,0.441,1,0,7,-8.33,,TXN,
psperm_0666_tech_gpt-51_12x_20-10_202501_20260803_184601_326525_fbon_scr_wt_hold_inc_w0.json,2025-01,12,20-10,ON,3,2025-04-02,2025-05-03,4.016,2.764,1.252,0.0,20.17,0.74,0,2,7,,6.45,,"TSM,SNPS"
psperm_0666_tech_gpt-51_12x_20-10_202501_20260803_184601_326525_fbon_scr_wt_hold_inc_w0.json,2025-01,12,20-10,ON,4,2025-05-03,2025-06-02,8.308,8.308,0.0,0.0,0.0,-0.0,0,0,9,,,,
psperm_0666_tech_gpt-51_12x_20-10_202501_20260803_184601_326525_fbon_scr_wt_hold_inc_w0.json,2025-01,12,20-10,ON,5,2025-06-02,2025-07-02,8.927,10.591,-1.664,6.94,0.0,-0.799,1,0,8,24.0,,MU,
psperm_0666_tech_gpt-51_12x_20-10_202501_20260803_184601_326525_fbon_scr_wt_hold_inc_w0.json,2025-01,12,20-10,ON,6,2025-07-02,2025-08-02,4.628,4.628,0.0,6.37,6.37,-0.0,0,0,8,,,,
psperm_0666_tech_gpt-51_12x_20-10_202501_20260803_184601_326525_fbon_scr_wt_hold_inc_w0.json,2025-01,12,20-10,ON,7,2025-08-02,2025-09-01,3.138,2.897,0.241,19.14,6.09,-0.488,1,0,7,-1.85,,TSM,
psperm_0666_tech_gpt-51_12x_20-10_202501_20260803_184601_326525_fbon_scr_wt_hold_inc_w0.json,2025-01,12,20-10,ON,8,2025-09-01,2025-10-02,3.402,3.682,-0.28,0.0,18.56,0.559,0,1,7,,-1.51,,META
psperm_0666_tech_gpt-51_12x_20-10_202501_20260803_184601_326525_fbon_scr_wt_hold_inc_w0.json,2025-01,12,20-10,ON,9,2025-10-02,2025-11-01,2.691,3.581,-0.89,9.57,0.0,-0.38,1,0,7,9.3,,AVGO,
psperm_0666_tech_gpt-51_12x_20-10_202501_20260803_184601_326525_fbon_scr_wt_hold_inc_w0.json,2025-01,12,20-10,ON,10,2025-11-01,2025-12-02,-0.208,0.271,-0.479,0.0,9.32,-0.089,0,1,7,,-5.14,,ADBE
psperm_0666_tech_gpt-51_12x_20-10_202501_20260803_184601_326525_fbon_scr_wt_hold_inc_w0.json,2025-01,12,20-10,ON,11,2025-12-02,2026-01-01,-1.031,0.535,-1.565,0.0,0.0,0.0,1,1,7,8.42,-9.25,ADBE,CRWD
psperm_0666_tech_gpt-51_12x_20-10_202501_20260803_184620_612608_fbon_scr_wt_hold_inc_w1.json,2025-01,12,20-10,ON,1,2025-01-31,2025-03-03,-6.975,-8.381,1.406,15.31,1.99,1.136,2,0,7,-12.29,,"MSI,SNPS",
psperm_0666_tech_gpt-51_12x_20-10_202501_20260803_184620_612608_fbon_scr_wt_hold_inc_w1.json,2025-01,12,20-10,ON,2,2025-03-03,2025-04-02,-4.548,-4.036,-0.512,0.0,16.46,-0.857,1,2,6,-8.33,-4.82,TXN,"PANW,NFLX"
psperm_0666_tech_gpt-51_12x_20-10_202501_20260803_184620_612608_fbon_scr_wt_hold_inc_w1.json,2025-01,12,20-10,ON,3,2025-04-02,2025-05-03,5.869,6.75,-0.88,0.0,0.0,-0.0,1,1,7,8.38,2.24,PANW,META
psperm_0666_tech_gpt-51_12x_20-10_202501_20260803_184620_612608_fbon_scr_wt_hold_inc_w1.json,2025-01,12,20-10,ON,4,2025-05-03,2025-06-02,7.333,7.333,0.0,0.0,0.0,-0.0,0,0,8,,,,
psperm_0666_tech_gpt-51_12x_20-10_202501_20260803_184620_612608_fbon_scr_wt_hold_inc_w1.json,2025-01,12,20-10,ON,5,2025-06-02,2025-07-02,6.058,6.737,-0.679,12.56,0.0,-0.925,1,0,7,5.4,,NFLX,
psperm_0666_tech_gpt-51_12x_20-10_202501_20260803_184620_612608_fbon_scr_wt_hold_inc_w1.json,2025-01,12,20-10,ON,6,2025-07-02,2025-08-02,6.32,3.484,2.836,0.0,11.84,0.769,0,1,7,,23.95,,AMD
psperm_0666_tech_gpt-51_12x_20-10_202501_20260803_184620_612608_fbon_scr_wt_hold_inc_w1.json,2025-01,12,20-10,ON,7,2025-08-02,2025-09-01,2.787,2.787,0.0,0.0,0.0,-0.0,0,0,8,,,,
psperm_0666_tech_gpt-51_12x_20-10_202501_20260803_184620_612608_fbon_scr_wt_hold_inc_w1.json,2025-01,12,20-10,ON,8,2025-09-01,2025-10-02,5.773,5.773,0.0,0.0,0.0,-0.0,0,0,8,,,,
psperm_0666_tech_gpt-51_12x_20-10_202501_20260803_184620_612608_fbon_scr_wt_hold_inc_w1.json,2025-01,12,20-10,ON,9,2025-10-02,2025-11-01,10.518,10.518,0.0,0.0,0.0,-0.0,0,0,8,,,,
psperm_0666_tech_gpt-51_12x_20-10_202501_20260803_184620_612608_fbon_scr_wt_hold_inc_w1.json,2025-01,12,20-10,ON,10,2025-11-01,2025-12-02,-1.581,-1.581,0.0,0.0,0.0,0.0,0,0,8,,,,
psperm_0666_tech_gpt-51_12x_20-10_202501_20260803_184620_612608_fbon_scr_wt_hold_inc_w1.json,2025-01,12,20-10,ON,11,2025-12-02,2026-01-01,-1.41,-1.41,0.0,0.0,0.0,0.0,0,0,8,,,,
psperm_0729_tech_gpt-51_2x_20-10_202502_20260803_184319_796667_fbon_scr_wt_hold_inc_w3.json,2025-02,2,20-10,ON,1,2025-08-02,2026-02-01,29.421,32.466,-3.045,28.16,1.81,-11.461,3,0,7,4.15,,"TXN,MCHP,SNPS",
psperm_0729_tech_gpt-51_2x_20-10_202502_20260803_184403_464741_fbon_scr_wt_hold_inc_w3.json,2025-02,2,20-10,ON,1,2025-08-02,2026-02-01,35.344,38.884,-3.54,13.28,4.72,-4.499,1,0,8,41.36,,TSM,
psperm_0729_tech_gpt-51_2x_20-10_202502_20260803_184448_041546_fbon_scr_wt_hold_inc_w3.json,2025-02,2,20-10,ON,1,2025-08-02,2026-02-01,14.841,14.319,0.522,8.11,4.6,-0.322,1,0,8,-14.86,,ADSK,
psperm_0736_tech_gpt-51_4x_20-10_202502_20260803_184613_022142_fbon_scr_wt_hold_inc_w3.json,2025-02,4,20-10,ON,1,2025-05-03,2025-08-02,13.429,19.307,-5.878,26.39,4.47,-5.267,3,0,6,28.89,,"TXN,MCHP,GLW",
psperm_0736_tech_gpt-51_4x_20-10_202502_20260803_184613_022142_fbon_scr_wt_hold_inc_w3.json,2025-02,4,20-10,ON,2,2025-08-02,2025-11-02,17.451,20.591,-3.14,0.0,23.27,7.04,0,1,6,,-13.5,,META
psperm_0736_tech_gpt-51_4x_20-10_202502_20260803_184613_022142_fbon_scr_wt_hold_inc_w3.json,2025-02,4,20-10,ON,3,2025-11-02,2026-02-01,0.981,8.878,-7.897,0.0,0.0,-0.0,1,1,6,85.48,-10.2,MU,AVGO
psperm_0736_tech_gpt-51_4x_20-10_202502_20260803_184632_045916_fbon_scr_wt_hold_inc_w2.json,2025-02,4,20-10,ON,1,2025-05-03,2025-08-02,12.225,13.705,-1.48,31.28,8.75,-3.297,3,0,5,5.85,,"TXN,QCOM,NFLX",
psperm_0736_tech_gpt-51_4x_20-10_202502_20260803_184632_045916_fbon_scr_wt_hold_inc_w2.json,2025-02,4,20-10,ON,2,2025-08-02,2025-11-02,17.065,15.004,2.06,0.0,27.87,5.041,0,2,5,,7.39,,"META,AVGO"
psperm_0736_tech_gpt-51_4x_20-10_202502_20260803_184632_045916_fbon_scr_wt_hold_inc_w2.json,2025-02,4,20-10,ON,3,2025-11-02,2026-02-01,-0.775,-0.775,0.0,0.0,0.0,0.0,0,0,7,,,,
psperm_0736_tech_gpt-51_4x_20-10_202502_20260803_184758_213564_fbon_scr_wt_hold_inc_w0.json,2025-02,4,20-10,ON,1,2025-05-03,2025-08-02,20.004,18.876,1.127,0.0,5.58,1.29,4,4,5,28.1,22.2,"TXN,MCHP,GLW,META","TSM,AVGO,ACN,SNPS"
psperm_0736_tech_gpt-51_4x_20-10_202502_20260803_184758_213564_fbon_scr_wt_hold_inc_w0.json,2025-02,4,20-10,ON,2,2025-08-02,2025-11-02,17.712,18.576,-0.864,18.83,0.0,-2.919,3,0,6,-0.19,,"TSM,ACN,SNPS",
psperm_0736_tech_gpt-51_4x_20-10_202502_20260803_184758_213564_fbon_scr_wt_hold_inc_w0.json,2025-02,4,20-10,ON,3,2025-11-02,2026-02-01,0.172,-0.909,1.081,26.59,16.0,0.322,1,0,5,-10.2,,AVGO,
psperm_0743_tech_gpt-51_6x_20-10_202502_20260803_184813_386138_fbon_scr_wt_hold_inc_w3.json,2025-02,6,20-10,ON,1,2025-04-03,2025-06-03,16.506,19.153,-2.647,10.6,6.04,-1.142,1,0,8,58.03,,MCHP,
psperm_0743_tech_gpt-51_6x_20-10_202502_20260803_184813_386138_fbon_scr_wt_hold_inc_w3.json,2025-02,6,20-10,ON,2,2025-06-03,2025-08-02,8.785,8.785,0.0,9.1,9.1,-0.0,0,0,8,,,,
psperm_0743_tech_gpt-51_6x_20-10_202502_20260803_184813_386138_fbon_scr_wt_hold_inc_w3.json,2025-02,6,20-10,ON,3,2025-08-02,2025-10-02,9.033,13.161,-4.128,13.85,8.36,-0.968,1,0,7,75.2,,MU,
psperm_0743_tech_gpt-51_6x_20-10_202502_20260803_184813_386138_fbon_scr_wt_hold_inc_w3.json,2025-02,6,20-10,ON,4,2025-10-02,2025-12-02,5.375,5.199,0.176,0.0,12.71,0.381,0,1,7,,1.38,,TSM
psperm_0743_tech_gpt-51_6x_20-10_202502_20260803_184813_386138_fbon_scr_wt_hold_inc_w3.json,2025-02,6,20-10,ON,5,2025-12-02,2026-02-01,0.885,2.533,-1.647,12.22,0.0,-0.628,1,0,7,13.48,,TSM,
psperm_0743_tech_gpt-51_6x_20-10_202502_20260803_184813_840694_fbon_scr_wt_hold_inc_w1.json,2025-02,6,20-10,ON,1,2025-04-03,2025-06-03,17.55,18.776,-1.226,11.93,6.03,-1.246,1,0,8,20.75,,GLW,
psperm_0743_tech_gpt-51_6x_20-10_202502_20260803_184813_840694_fbon_scr_wt_hold_inc_w1.json,2025-02,6,20-10,ON,2,2025-06-03,2025-08-02,7.55,7.55,0.0,10.15,10.15,-0.0,0,0,8,,,,
psperm_0743_tech_gpt-51_6x_20-10_202502_20260803_184813_840694_fbon_scr_wt_hold_inc_w1.json,2025-02,6,20-10,ON,3,2025-08-02,2025-10-02,8.898,8.939,-0.041,0.0,9.44,1.061,2,1,6,22.31,17.36,"GOOGL,QCOM",AVGO
psperm_0743_tech_gpt-51_6x_20-10_202502_20260803_184813_840694_fbon_scr_wt_hold_inc_w1.json,2025-02,6,20-10,ON,4,2025-10-02,2025-12-02,0.457,2.854,-2.397,47.4,0.0,-0.299,3,0,4,-1.22,,"TXN,MCHP,AVGO",
psperm_0743_tech_gpt-51_6x_20-10_202502_20260803_184813_840694_fbon_scr_wt_hold_inc_w1.json,2025-02,6,20-10,ON,5,2025-12-02,2026-02-01,1.641,-2.292,3.934,0.0,47.19,0.3,0,2,4,,8.96,,"GOOGL,META"
psperm_0743_tech_gpt-51_6x_20-10_202502_20260803_184826_894562_fbon_scr_wt_hold_inc_w2.json,2025-02,6,20-10,ON,1,2025-04-03,2025-06-03,22.713,21.884,0.829,0.0,3.6,1.067,0,2,8,,22.39,,"META,PANW"
psperm_0743_tech_gpt-51_6x_20-10_202502_20260803_184826_894562_fbon_scr_wt_hold_inc_w2.json,2025-02,6,20-10,ON,2,2025-06-03,2025-08-02,8.058,8.264,-0.205,7.69,0.0,-0.508,1,0,9,2.67,,MU,
psperm_0743_tech_gpt-51_6x_20-10_202502_20260803_184826_894562_fbon_scr_wt_hold_inc_w2.json,2025-02,6,20-10,ON,3,2025-08-02,2025-10-02,11.086,10.563,0.524,0.0,7.12,0.825,1,2,8,21.07,13.22,PANW,"AMZN,TSM"
psperm_0743_tech_gpt-51_6x_20-10_202502_20260803_184826_894562_fbon_scr_wt_hold_inc_w2.json,2025-02,6,20-10,ON,4,2025-10-02,2025-12-02,5.875,5.949,-0.074,26.14,0.0,-0.61,3,0,7,-1.22,,"TXN,AVGO,MCHP",
psperm_0743_tech_gpt-51_6x_20-10_202502_20260803_184826_894562_fbon_scr_wt_hold_inc_w2.json,2025-02,6,20-10,ON,5,2025-12-02,2026-02-01,-0.71,-0.71,0.0,24.69,24.69,-0.0,0,0,7,,,,
psperm_0750_tech_gpt-51_12x_20-10_202502_20260803_185156_854711_fbon_scr_wt_hold_inc_w0.json,2025-02,12,20-10,ON,1,2025-03-03,2025-04-03,-10.328,-11.651,1.324,12.8,5.36,1.023,1,0,8,-17.79,,MU,
psperm_0750_tech_gpt-51_12x_20-10_202502_20260803_185156_854711_fbon_scr_wt_hold_inc_w0.json,2025-02,12,20-10,ON,2,2025-04-03,2025-05-03,6.806,7.996,-1.19,0.0,14.27,1.244,1,1,7,13.92,0.28,TSM,QCOM
psperm_0750_tech_gpt-51_12x_20-10_202502_20260803_185156_854711_fbon_scr_wt_hold_inc_w0.json,2025-02,12,20-10,ON,3,2025-05-03,2025-06-03,7.637,8.523,-0.886,0.0,0.0,-0.0,1,1,7,6.53,2.48,QCOM,ACN
psperm_0750_tech_gpt-51_12x_20-10_202502_20260803_185156_854711_fbon_scr_wt_hold_inc_w0.json,2025-02,12,20-10,ON,4,2025-06-03,2025-07-03,10.703,7.064,3.64,0.0,0.0,-0.0,3,2,5,8.9,13.32,"TXN,MCHP,ACN","TSM,AVGO"
psperm_0750_tech_gpt-51_12x_20-10_202502_20260803_185156_854711_fbon_scr_wt_hold_inc_w0.json,2025-02,12,20-10,ON,5,2025-07-03,2025-08-02,2.14,2.184,-0.044,25.38,0.0,-0.558,1,0,6,0.17,,TSM,
psperm_0750_tech_gpt-51_12x_20-10_202502_20260803_185156_854711_fbon_scr_wt_hold_inc_w0.json,2025-02,12,20-10,ON,6,2025-08-02,2025-09-02,2.561,3.055,-0.494,0.0,24.85,0.941,0,1,6,,-1.99,,META
psperm_0750_tech_gpt-51_12x_20-10_202502_20260803_185156_854711_fbon_scr_wt_hold_inc_w0.json,2025-02,12,20-10,ON,7,2025-09-02,2025-10-02,6.555,6.555,0.0,0.0,0.0,-0.0,0,0,7,,,,
psperm_0750_tech_gpt-51_12x_20-10_202502_20260803_185156_854711_fbon_scr_wt_hold_inc_w0.json,2025-02,12,20-10,ON,8,2025-10-02,2025-11-02,3.597,3.597,0.0,0.0,0.0,-0.0,0,0,7,,,,
psperm_0750_tech_gpt-51_12x_20-10_202502_20260803_185156_854711_fbon_scr_wt_hold_inc_w0.json,2025-02,12,20-10,ON,9,2025-11-02,2025-12-02,1.114,1.114,0.0,0.0,0.0,-0.0,0,0,7,,,,
psperm_0750_tech_gpt-51_12x_20-10_202502_20260803_185156_854711_fbon_scr_wt_hold_inc_w0.json,2025-02,12,20-10,ON,10,2025-12-02,2026-01-02,-0.111,-2.468,2.357,0.0,0.0,0.0,1,2,6,-8.72,5.94,AVGO,"ASML,SNPS"
psperm_0750_tech_gpt-51_12x_20-10_202502_20260803_185156_854711_fbon_scr_wt_hold_inc_w0.json,2025-02,12,20-10,ON,11,2026-01-02,2026-02-01,1.963,4.251,-2.288,10.27,0.0,-0.386,1,0,7,22.27,,ASML,
psperm_0750_tech_gpt-51_12x_20-10_202502_20260803_185205_959989_fbon_scr_wt_hold_inc_w3.json,2025-02,12,20-10,ON,1,2025-03-03,2025-04-03,-5.851,-12.434,6.583,42.03,10.26,4.867,3,0,5,-21.93,,"TXN,ADI,MCHP",
psperm_0750_tech_gpt-51_12x_20-10_202502_20260803_185205_959989_fbon_scr_wt_hold_inc_w3.json,2025-02,12,20-10,ON,2,2025-04-03,2025-05-03,11.504,5.335,6.168,0.0,44.64,5.01,0,4,5,,13.35,,"TXN,AMZN,AVGO,PANW"
psperm_0750_tech_gpt-51_12x_20-10_202502_20260803_185205_959989_fbon_scr_wt_hold_inc_w3.json,2025-02,12,20-10,ON,3,2025-05-03,2025-06-03,9.844,10.054,-0.21,0.0,0.0,-0.0,1,1,8,5.02,2.48,PANW,ACN
psperm_0750_tech_gpt-51_12x_20-10_202502_20260803_185205_959989_fbon_scr_wt_hold_inc_w3.json,2025-02,12,20-10,ON,4,2025-06-03,2025-07-03,7.584,8.168,-0.584,0.0,0.0,-0.0,1,1,8,19.6,7.9,MU,META
psperm_0750_tech_gpt-51_12x_20-10_202502_20260803_185205_959989_fbon_scr_wt_hold_inc_w3.json,2025-02,12,20-10,ON,5,2025-07-03,2025-08-02,1.947,-0.438,2.384,15.16,0.0,0.201,2,0,7,-15.73,,"TXN,ACN",
psperm_0750_tech_gpt-51_12x_20-10_202502_20260803_185205_959989_fbon_scr_wt_hold_inc_w3.json,2025-02,12,20-10,ON,6,2025-08-02,2025-09-02,3.504,3.463,0.041,0.0,14.87,0.471,0,2,7,,1.0,,"AMD,ADSK"
psperm_0750_tech_gpt-51_12x_20-10_202502_20260803_185205_959989_fbon_scr_wt_hold_inc_w3.json,2025-02,12,20-10,ON,7,2025-09-02,2025-10-02,12.818,7.172,5.646,0.0,0.0,-0.0,3,1,6,6.23,26.55,"AVGO,AMD,ADSK",TSM
psperm_0750_tech_gpt-51_12x_20-10_202502_20260803_185205_959989_fbon_scr_wt_hold_inc_w3.json,2025-02,12,20-10,ON,8,2025-10-02,2025-11-02,5.538,5.538,0.0,0.0,0.0,-0.0,0,0,7,,,,
psperm_0750_tech_gpt-51_12x_20-10_202502_20260803_185205_959989_fbon_scr_wt_hold_inc_w3.json,2025-02,12,20-10,ON,9,2025-11-02,2025-12-02,-0.167,-0.167,0.0,0.0,0.0,0.0,0,0,7,,,,
psperm_0750_tech_gpt-51_12x_20-10_202502_20260803_185205_959989_fbon_scr_wt_hold_inc_w3.json,2025-02,12,20-10,ON,10,2025-12-02,2026-01-02,-4.326,1.925,-6.251,0.0,0.0,0.0,1,1,6,9.72,-8.72,TSM,AVGO
psperm_0750_tech_gpt-51_12x_20-10_202502_20260803_185205_959989_fbon_scr_wt_hold_inc_w3.json,2025-02,12,20-10,ON,11,2026-01-02,2026-02-01,-0.729,-0.729,0.0,0.0,0.0,-0.0,0,0,7,,,,
psperm_0750_tech_gpt-51_12x_20-10_202502_20260803_185232_633725_fbon_scr_wt_hold_inc_w1.json,2025-02,12,20-10,ON,1,2025-03-03,2025-04-03,-11.656,-10.324,-1.333,0.0,10.69,-1.389,1,1,7,-8.75,-10.92,QCOM,AMAT
psperm_0750_tech_gpt-51_12x_20-10_202502_20260803_185232_633725_fbon_scr_wt_hold_inc_w1.json,2025-02,12,20-10,ON,2,2025-04-03,2025-05-03,9.771,9.871,-0.1,0.0,0.0,-0.0,1,1,7,14.46,13.92,AMAT,TSM
psperm_0750_tech_gpt-51_12x_20-10_202502_20260803_185232_633725_fbon_scr_wt_hold_inc_w1.json,2025-02,12,20-10,ON,3,2025-05-03,2025-06-03,9.069,9.069,0.0,0.0,0.0,-0.0,0,0,8,,,,
psperm_0750_tech_gpt-51_12x_20-10_202502_20260803_185232_633725_fbon_scr_wt_hold_inc_w1.json,2025-02,12,20-10,ON,4,2025-06-03,2025-07-03,9.12,11.314,-2.194,0.0,0.0,-0.0,1,1,7,19.25,7.9,TSM,META
psperm_0750_tech_gpt-51_12x_20-10_202502_20260803_185232_633725_fbon_scr_wt_hold_inc_w1.json,2025-02,12,20-10,ON,5,2025-07-03,2025-08-02,0.921,0.771,0.15,0.0,0.0,0.0,1,1,7,-9.17,-6.2,MCHP,ADSK
psperm_0750_tech_gpt-51_12x_20-10_202502_20260803_185232_633725_fbon_scr_wt_hold_inc_w1.json,2025-02,12,20-10,ON,6,2025-08-02,2025-09-02,3.303,3.654,-0.351,4.7,0.0,-0.242,1,0,7,7.45,,ADSK,
psperm_0750_tech_gpt-51_12x_20-10_202502_20260803_185232_633725_fbon_scr_wt_hold_inc_w1.json,2025-02,12,20-10,ON,7,2025-09-02,2025-10-02,4.862,4.862,0.0,4.55,4.55,-0.0,0,0,7,,,,
psperm_0750_tech_gpt-51_12x_20-10_202502_20260803_185232_633725_fbon_scr_wt_hold_inc_w1.json,2025-02,12,20-10,ON,8,2025-10-02,2025-11-02,2.65,2.65,0.0,4.34,4.34,-0.0,0,0,7,,,,
psperm_0750_tech_gpt-51_12x_20-10_202502_20260803_185232_633725_fbon_scr_wt_hold_inc_w1.json,2025-02,12,20-10,ON,9,2025-11-02,2025-12-02,-0.306,1.082,-1.388,0.0,4.23,-0.058,1,2,6,8.55,-9.71,TXN,"QCOM,PANW"
psperm_0750_tech_gpt-51_12x_20-10_202502_20260803_185232_633725_fbon_scr_wt_hold_inc_w1.json,2025-02,12,20-10,ON,10,2025-12-02,2026-01-02,-0.8,-1.131,0.331,0.0,0.0,-0.0,1,2,7,1.85,6.77,QCOM,"TSM,AMD"
psperm_0750_tech_gpt-51_12x_20-10_202502_20260803_185232_633725_fbon_scr_wt_hold_inc_w1.json,2025-02,12,20-10,ON,11,2026-01-02,2026-02-01,2.124,2.261,-0.136,3.98,0.0,-0.084,1,0,8,3.43,,TSM,
psperm_0813_tech_gpt-51_2x_20-10_202503_20260803_184916_881192_fbon_scr_wt_hold_inc_w2.json,2025-03,2,20-10,ON,1,2025-08-30,2026-03-01,3.553,11.421,-7.868,35.3,4.27,-3.244,4,0,5,18.91,,"TSM,TXN,MCHP,QCOM",
psperm_0813_tech_gpt-51_2x_20-10_202503_20260803_185010_600259_fbon_scr_wt_hold_inc_w2.json,2025-03,2,20-10,ON,1,2025-08-30,2026-03-01,3.213,4.622,-1.409,16.35,3.42,-0.322,2,0,7,11.46,,"TXN,MCHP",
psperm_0813_tech_gpt-51_2x_20-10_202503_20260803_185051_838308_fbon_scr_wt_hold_inc_w2.json,2025-03,2,20-10,ON,1,2025-08-30,2026-03-01,14.529,15.087,-0.558,0.0,8.58,1.026,1,1,7,-10.47,-8.3,QCOM,AMZN
psperm_0820_tech_gpt-51_4x_20-10_202503_20260803_185221_555884_fbon_scr_wt_hold_inc_w2.json,2025-03,4,20-10,ON,1,2025-05-31,2025-08-30,18.141,16.71,1.43,0.0,4.88,0.837,1,1,7,2.85,11.7,AMAT,AMZN
psperm_0820_tech_gpt-51_4x_20-10_202503_20260803_185221_555884_fbon_scr_wt_hold_inc_w2.json,2025-03,4,20-10,ON,2,2025-08-30,2025-11-30,12.885,21.208,-8.323,8.42,0.0,-1.999,1,0,7,98.83,,MU,
psperm_0820_tech_gpt-51_4x_20-10_202503_20260803_185221_555884_fbon_scr_wt_hold_inc_w2.json,2025-03,4,20-10,ON,3,2025-11-30,2026-03-01,-6.35,-6.533,0.183,0.0,7.46,-0.019,1,2,6,26.88,14.48,TXN,"META,TSM"
psperm_0820_tech_gpt-51_4x_20-10_202503_20260803_185319_042289_fbon_scr_wt_hold_inc_w0.json,2025-03,4,20-10,ON,1,2025-05-31,2025-08-30,18.893,16.311,2.581,0.0,11.79,2.24,1,1,7,26.11,23.14,MU,AVGO
psperm_0820_tech_gpt-51_4x_20-10_202503_20260803_185319_042289_fbon_scr_wt_hold_inc_w0.json,2025-03,4,20-10,ON,2,2025-08-30,2025-11-30,18.017,18.017,0.0,0.0,0.0,-0.0,0,0,8,,,,
psperm_0820_tech_gpt-51_4x_20-10_202503_20260803_185319_042289_fbon_scr_wt_hold_inc_w0.json,2025-03,4,20-10,ON,3,2025-11-30,2026-03-01,-0.061,-5.069,5.007,26.05,0.0,0.238,2,0,6,-17.71,,"QCOM,AVGO",
psperm_0820_tech_gpt-51_4x_20-10_202503_20260803_185330_149872_fbon_scr_wt_hold_inc_w3.json,2025-03,4,20-10,ON,1,2025-05-31,2025-08-30,16.071,16.204,-0.133,0.0,4.93,0.831,1,1,8,26.11,14.17,MU,META
psperm_0820_tech_gpt-51_4x_20-10_202503_20260803_185330_149872_fbon_scr_wt_hold_inc_w3.json,2025-03,4,20-10,ON,2,2025-08-30,2025-11-30,9.679,14.938,-5.258,11.58,0.0,-1.751,2,0,7,46.47,,"AMAT,AVGO",
psperm_0820_tech_gpt-51_4x_20-10_202503_20260803_185330_149872_fbon_scr_wt_hold_inc_w3.json,2025-03,4,20-10,ON,3,2025-11-30,2026-03-01,-4.434,-4.434,0.0,10.56,10.56,0.0,0,0,7,,,,
psperm_0827_tech_gpt-51_6x_20-10_202503_20260803_185423_014042_fbon_scr_wt_hold_inc_w2.json,2025-03,6,20-10,ON,1,2025-05-01,2025-07-01,19.744,20.959,-1.215,13.91,5.31,-2.39,1,0,8,14.13,,NFLX,
psperm_0827_tech_gpt-51_6x_20-10_202503_20260803_185423_014042_fbon_scr_wt_hold_inc_w2.json,2025-03,6,20-10,ON,2,2025-07-01,2025-08-30,5.928,5.69,0.238,19.31,11.62,-0.377,1,0,7,-3.09,,TXN,
psperm_0827_tech_gpt-51_6x_20-10_202503_20260803_185423_014042_fbon_scr_wt_hold_inc_w2.json,2025-03,6,20-10,ON,3,2025-08-30,2025-10-30,7.674,19.643,-11.969,0.0,18.23,3.497,2,2,5,60.05,-6.2,"TSM,MU","AMZN,META"
psperm_0827_tech_gpt-51_6x_20-10_202503_20260803_185423_014042_fbon_scr_wt_hold_inc_w2.json,2025-03,6,20-10,ON,4,2025-10-30,2025-12-30,1.54,1.54,0.0,0.0,0.0,-0.0,0,0,7,,,,
psperm_0827_tech_gpt-51_6x_20-10_202503_20260803_185423_014042_fbon_scr_wt_hold_inc_w2.json,2025-03,6,20-10,ON,5,2025-12-30,2026-03-01,-5.469,-5.469,0.0,0.0,0.0,0.0,0,0,7,,,,
psperm_0827_tech_gpt-51_6x_20-10_202503_20260803_185435_409969_fbon_scr_wt_hold_inc_w1.json,2025-03,6,20-10,ON,1,2025-05-01,2025-07-01,12.82,19.2,-6.381,27.36,2.16,-6.511,3,0,7,24.64,,"TSM,ADI,QCOM",
psperm_0827_tech_gpt-51_6x_20-10_202503_20260803_185435_409969_fbon_scr_wt_hold_inc_w1.json,2025-03,6,20-10,ON,2,2025-07-01,2025-08-30,7.797,7.146,0.651,0.0,24.25,1.343,0,3,7,,1.72,,"TSM,AMZN,MU"
psperm_0827_tech_gpt-51_6x_20-10_202503_20260803_185435_409969_fbon_scr_wt_hold_inc_w1.json,2025-03,6,20-10,ON,3,2025-08-30,2025-10-30,13.094,15.892,-2.798,3.17,0.0,-0.597,1,0,9,88.35,,MU,
psperm_0827_tech_gpt-51_6x_20-10_202503_20260803_185435_409969_fbon_scr_wt_hold_inc_w1.json,2025-03,6,20-10,ON,4,2025-10-30,2025-12-30,0.858,0.858,0.0,2.8,2.8,-0.0,0,0,9,,,,
psperm_0827_tech_gpt-51_6x_20-10_202503_20260803_185435_409969_fbon_scr_wt_hold_inc_w1.json,2025-03,6,20-10,ON,5,2025-12-30,2026-03-01,-1.284,-1.523,0.239,5.54,2.78,-0.049,1,0,8,-8.66,,AVGO,
psperm_0827_tech_gpt-51_6x_20-10_202503_20260803_185517_114608_fbon_scr_wt_hold_inc_w0.json,2025-03,6,20-10,ON,1,2025-05-01,2025-07-01,20.027,20.627,-0.6,6.45,2.15,-1.193,1,0,8,13.96,,ADSK,
psperm_0827_tech_gpt-51_6x_20-10_202503_20260803_185517_114608_fbon_scr_wt_hold_inc_w0.json,2025-03,6,20-10,ON,2,2025-07-01,2025-08-30,6.654,6.601,0.052,0.0,5.37,0.24,0,1,8,,0.97,,ADSK
psperm_0827_tech_gpt-51_6x_20-10_202503_20260803_185517_114608_fbon_scr_wt_hold_inc_w0.json,2025-03,6,20-10,ON,3,2025-08-30,2025-10-30,10.97,18.149,-7.179,35.08,0.0,-6.234,5,0,4,18.09,,"TSM,TXN,MCHP,MU,ADSK",
psperm_0827_tech_gpt-51_6x_20-10_202503_20260803_185517_114608_fbon_scr_wt_hold_inc_w0.json,2025-03,6,20-10,ON,4,2025-10-30,2025-12-30,0.946,0.032,0.915,0.0,31.61,0.103,0,2,4,,2.17,,"AMZN,META"
psperm_0827_tech_gpt-51_6x_20-10_202503_20260803_185517_114608_fbon_scr_wt_hold_inc_w0.json,2025-03,6,20-10,ON,5,2025-12-30,2026-03-01,-6.982,-6.982,0.0,0.0,0.0,0.0,0,0,6,,,,
psperm_0834_tech_gpt-51_12x_20-10_202503_20260803_185723_092576_fbon_scr_wt_hold_inc_w3.json,2025-03,12,20-10,ON,1,2025-03-31,2025-05-01,0.432,0.92,-0.488,22.93,10.88,0.09,1,0,7,4.05,,TSM,
psperm_0834_tech_gpt-51_12x_20-10_202503_20260803_185723_092576_fbon_scr_wt_hold_inc_w3.json,2025-03,12,20-10,ON,2,2025-05-01,2025-05-31,8.597,7.359,1.238,0.0,22.83,2.85,0,1,7,,5.42,,ACN
psperm_0834_tech_gpt-51_12x_20-10_202503_20260803_185723_092576_fbon_scr_wt_hold_inc_w3.json,2025-03,12,20-10,ON,3,2025-05-31,2025-07-01,9.518,6.854,2.664,0.0,0.0,-0.0,1,1,7,-4.48,7.54,ACN,AMZN
psperm_0834_tech_gpt-51_12x_20-10_202503_20260803_185723_092576_fbon_scr_wt_hold_inc_w3.json,2025-03,12,20-10,ON,4,2025-07-01,2025-07-31,4.279,3.095,1.184,0.0,0.0,-0.0,1,1,7,-5.71,7.54,MCHP,TSM
psperm_0834_tech_gpt-51_12x_20-10_202503_20260803_185723_092576_fbon_scr_wt_hold_inc_w3.json,2025-03,12,20-10,ON,5,2025-07-31,2025-08-30,2.605,2.605,0.0,0.0,0.0,-0.0,0,0,8,,,,
psperm_0834_tech_gpt-51_12x_20-10_202503_20260803_185723_092576_fbon_scr_wt_hold_inc_w3.json,2025-03,12,20-10,ON,6,2025-08-30,2025-09-30,4.824,7.025,-2.201,5.42,0.0,-0.555,1,0,7,40.59,,MU,
psperm_0834_tech_gpt-51_12x_20-10_202503_20260803_185723_092576_fbon_scr_wt_hold_inc_w3.json,2025-03,12,20-10,ON,7,2025-09-30,2025-10-30,4.506,5.004,-0.499,0.0,5.17,0.061,0,2,7,,-9.74,,"META,SNPS"
psperm_0834_tech_gpt-51_12x_20-10_202503_20260803_185723_092576_fbon_scr_wt_hold_inc_w3.json,2025-03,12,20-10,ON,8,2025-10-30,2025-11-30,1.745,1.745,0.0,0.0,0.0,0.0,0,0,9,,,,
psperm_0834_tech_gpt-51_12x_20-10_202503_20260803_185723_092576_fbon_scr_wt_hold_inc_w3.json,2025-03,12,20-10,ON,9,2025-11-30,2025-12-30,0.161,0.4,-0.239,0.0,0.0,-0.0,1,1,8,13.51,-1.01,SNPS,AMD
psperm_0834_tech_gpt-51_12x_20-10_202503_20260803_185723_092576_fbon_scr_wt_hold_inc_w3.json,2025-03,12,20-10,ON,10,2025-12-30,2026-01-30,3.052,3.052,0.0,0.0,0.0,-0.0,0,0,9,,,,
psperm_0834_tech_gpt-51_12x_20-10_202503_20260803_185723_092576_fbon_scr_wt_hold_inc_w3.json,2025-03,12,20-10,ON,11,2026-01-30,2026-03-01,-6.281,-4.849,-1.432,10.75,0.0,0.563,1,0,8,13.32,,TSM,
psperm_0834_tech_gpt-51_12x_20-10_202503_20260803_185819_286081_fbon_scr_wt_hold_inc_w2.json,2025-03,12,20-10,ON,1,2025-03-31,2025-05-01,2.233,1.593,0.639,22.71,6.58,-0.139,1,0,8,-3.97,,AAPL,
psperm_0834_tech_gpt-51_12x_20-10_202503_20260803_185819_286081_fbon_scr_wt_hold_inc_w2.json,2025-03,12,20-10,ON,2,2025-05-01,2025-05-31,10.605,10.605,0.0,22.21,22.21,-0.0,0,0,8,,,,
psperm_0834_tech_gpt-51_12x_20-10_202503_20260803_185819_286081_fbon_scr_wt_hold_inc_w2.json,2025-03,12,20-10,ON,3,2025-05-31,2025-07-01,12.27,8.927,3.343,0.0,20.08,2.749,0,1,8,,16.65,,TSM
psperm_0834_tech_gpt-51_12x_20-10_202503_20260803_185819_286081_fbon_scr_wt_hold_inc_w2.json,2025-03,12,20-10,ON,4,2025-07-01,2025-07-31,3.642,5.215,-1.573,20.86,0.0,-0.685,1,0,8,7.54,,TSM,
psperm_0834_tech_gpt-51_12x_20-10_202503_20260803_185819_286081_fbon_scr_wt_hold_inc_w2.json,2025-03,12,20-10,ON,5,2025-07-31,2025-08-30,2.004,1.821,0.183,25.92,20.13,-0.15,1,0,7,-3.17,,MCHP,
psperm_0834_tech_gpt-51_12x_20-10_202503_20260803_185819_286081_fbon_scr_wt_hold_inc_w2.json,2025-03,12,20-10,ON,6,2025-08-30,2025-09-30,3.792,7.174,-3.382,33.74,25.41,-0.738,1,0,6,40.59,,MU,
psperm_0834_tech_gpt-51_12x_20-10_202503_20260803_185819_286081_fbon_scr_wt_hold_inc_w2.json,2025-03,12,20-10,ON,7,2025-09-30,2025-10-30,5.02,4.751,0.269,0.0,32.51,1.071,0,2,6,,-1.33,,"AAPL,META"
psperm_0834_tech_gpt-51_12x_20-10_202503_20260803_185819_286081_fbon_scr_wt_hold_inc_w2.json,2025-03,12,20-10,ON,8,2025-10-30,2025-11-30,0.84,1.241,-0.401,5.7,0.0,-0.087,1,0,7,7.04,,AVGO,
psperm_0834_tech_gpt-51_12x_20-10_202503_20260803_185819_286081_fbon_scr_wt_hold_inc_w2.json,2025-03,12,20-10,ON,9,2025-11-30,2025-12-30,0.169,0.169,0.0,5.66,5.66,-0.0,0,0,7,,,,
psperm_0834_tech_gpt-51_12x_20-10_202503_20260803_185819_286081_fbon_scr_wt_hold_inc_w2.json,2025-03,12,20-10,ON,10,2025-12-30,2026-01-30,1.546,1.333,0.213,0.0,5.65,0.19,0,2,7,,1.57,,"TSM,CRWD"
psperm_0834_tech_gpt-51_12x_20-10_202503_20260803_185819_286081_fbon_scr_wt_hold_inc_w2.json,2025-03,12,20-10,ON,11,2026-01-30,2026-03-01,-5.395,-5.188,-0.206,5.77,0.0,0.304,2,0,7,-1.21,,"TSM,CRWD",
psperm_0834_tech_gpt-51_12x_20-10_202503_20260803_185822_137895_fbon_scr_wt_hold_inc_w1.json,2025-03,12,20-10,ON,1,2025-03-31,2025-05-01,2.722,1.921,0.801,23.96,5.46,-0.031,3,0,6,-3.03,,"TXN,MCHP,SNPS",
psperm_0834_tech_gpt-51_12x_20-10_202503_20260803_185822_137895_fbon_scr_wt_hold_inc_w1.json,2025-03,12,20-10,ON,2,2025-05-01,2025-05-31,8.333,6.611,1.723,0.0,23.32,2.065,1,3,5,8.27,6.56,ADSK,"SNPS,META,AMAT"
psperm_0834_tech_gpt-51_12x_20-10_202503_20260803_185822_137895_fbon_scr_wt_hold_inc_w1.json,2025-03,12,20-10,ON,3,2025-05-31,2025-07-01,8.946,9.88,-0.934,0.0,0.0,-0.0,1,1,7,17.23,7.54,AMAT,AMZN
psperm_0834_tech_gpt-51_12x_20-10_202503_20260803_185822_137895_fbon_scr_wt_hold_inc_w1.json,2025-03,12,20-10,ON,4,2025-07-01,2025-07-31,6.601,8.13,-1.529,7.14,0.0,-0.526,1,0,7,21.41,,SNPS,
psperm_0834_tech_gpt-51_12x_20-10_202503_20260803_185822_137895_fbon_scr_wt_hold_inc_w1.json,2025-03,12,20-10,ON,5,2025-07-31,2025-08-30,0.945,1.48,-0.535,12.62,6.7,-0.155,1,0,6,9.04,,MU,
psperm_0834_tech_gpt-51_12x_20-10_202503_20260803_185822_137895_fbon_scr_wt_hold_inc_w1.json,2025-03,12,20-10,ON,6,2025-08-30,2025-09-30,4.934,4.934,0.0,12.5,12.5,-0.0,0,0,6,,,,
psperm_0834_tech_gpt-51_12x_20-10_202503_20260803_185822_137895_fbon_scr_wt_hold_inc_w1.json,2025-03,12,20-10,ON,7,2025-09-30,2025-10-30,6.464,4.783,1.681,0.0,11.91,0.663,0,1,6,,14.11,,AVGO
psperm_0834_tech_gpt-51_12x_20-10_202503_20260803_185822_137895_fbon_scr_wt_hold_inc_w1.json,2025-03,12,20-10,ON,8,2025-10-30,2025-11-30,1.105,1.105,0.0,0.0,0.0,-0.0,0,0,7,,,,
psperm_0834_tech_gpt-51_12x_20-10_202503_20260803_185822_137895_fbon_scr_wt_hold_inc_w1.json,2025-03,12,20-10,ON,9,2025-11-30,2025-12-30,-1.51,-1.51,0.0,0.0,0.0,0.0,0,0,7,,,,
psperm_0834_tech_gpt-51_12x_20-10_202503_20260803_185822_137895_fbon_scr_wt_hold_inc_w1.json,2025-03,12,20-10,ON,10,2025-12-30,2026-01-30,0.694,0.061,0.633,11.94,0.0,0.032,1,0,6,-5.3,,AVGO,
psperm_0834_tech_gpt-51_12x_20-10_202503_20260803_185822_137895_fbon_scr_wt_hold_inc_w1.json,2025-03,12,20-10,ON,11,2026-01-30,2026-03-01,-6.367,-6.367,0.0,11.85,11.85,0.0,0,0,6,,,,
psperm_0897_tech_gpt-51_2x_20-10_202504_20260803_185604_934478_fbon_scr_wt_hold_inc_w0.json,2025-04,2,20-10,ON,1,2025-09-30,2026-04-01,-0.586,11.616,-12.202,19.69,5.78,-2.399,2,0,7,80.75,,"MU,KLAC",
psperm_0897_tech_gpt-51_2x_20-10_202504_20260803_185649_464634_fbon_scr_wt_hold_inc_w0.json,2025-04,2,20-10,ON,1,2025-09-30,2026-04-01,-1.597,1.062,-2.659,24.21,3.78,-0.369,3,0,5,9.89,,"QCOM,AMAT,PANW",
psperm_0897_tech_gpt-51_2x_20-10_202504_20260803_185736_107852_fbon_scr_wt_hold_inc_w0.json,2025-04,2,20-10,ON,1,2025-09-30,2026-04-01,-2.322,7.179,-9.501,20.53,3.54,-1.19,3,0,6,24.99,,"MU,ACN,ADSK",
psperm_0904_tech_gpt-51_4x_20-10_202504_20260803_185847_563270_fbon_scr_wt_hold_inc_w3.json,2025-04,4,20-10,ON,1,2025-07-01,2025-09-30,14.11,18.525,-4.415,23.95,4.19,-4.019,3,0,6,23.51,,"AMAT,KLAC,MU",
psperm_0904_tech_gpt-51_4x_20-10_202504_20260803_185847_563270_fbon_scr_wt_hold_inc_w3.json,2025-04,4,20-10,ON,2,2025-09-30,2025-12-31,4.227,6.335,-2.108,0.0,20.99,1.002,0,1,6,,-10.04,,META
psperm_0904_tech_gpt-51_4x_20-10_202504_20260803_185847_563270_fbon_scr_wt_hold_inc_w3.json,2025-04,4,20-10,ON,3,2025-12-31,2026-04-01,-9.836,-7.967,-1.869,0.0,0.0,0.0,1,2,6,12.69,-5.54,TSM,"AVGO,AMD"
psperm_0904_tech_gpt-51_4x_20-10_202504_20260803_185900_529804_fbon_scr_wt_hold_inc_w0.json,2025-04,4,20-10,ON,1,2025-07-01,2025-09-30,13.999,14.023,-0.023,26.51,1.7,-2.917,4,0,6,-2.19,,"SNPS,AMAT,PANW,ACN",
psperm_0904_tech_gpt-51_4x_20-10_202504_20260803_185900_529804_fbon_scr_wt_hold_inc_w0.json,2025-04,4,20-10,ON,2,2025-09-30,2025-12-31,5.064,8.451,-3.388,0.0,23.26,2.823,1,3,5,70.75,1.39,MU,"META,TSM,AVGO"
psperm_0904_tech_gpt-51_4x_20-10_202504_20260803_185900_529804_fbon_scr_wt_hold_inc_w0.json,2025-04,4,20-10,ON,3,2025-12-31,2026-04-01,-8.5,-8.23,-0.271,14.0,0.0,1.007,2,0,6,1.73,,"TSM,AVGO",
psperm_0904_tech_gpt-51_4x_20-10_202504_20260803_185942_694584_fbon_scr_wt_hold_inc_w2.json,2025-04,4,20-10,ON,1,2025-07-01,2025-09-30,15.509,18.452,-2.943,14.96,2.52,-1.761,2,0,7,10.22,,"MU,ACN",
psperm_0904_tech_gpt-51_4x_20-10_202504_20260803_185942_694584_fbon_scr_wt_hold_inc_w2.json,2025-04,4,20-10,ON,2,2025-09-30,2025-12-31,5.277,6.577,-1.3,0.0,12.95,0.463,0,1,7,,-10.04,,META
psperm_0904_tech_gpt-51_4x_20-10_202504_20260803_185942_694584_fbon_scr_wt_hold_inc_w2.json,2025-04,4,20-10,ON,3,2025-12-31,2026-04-01,-9.46,-7.631,-1.829,0.0,0.0,0.0,1,1,7,12.69,-1.84,TSM,AMD
psperm_0911_tech_gpt-51_6x_20-10_202504_20260803_190026_244234_fbon_scr_wt_hold_inc_w1.json,2025-04,6,20-10,ON,1,2025-06-01,2025-08-01,11.623,11.098,0.525,14.38,9.21,-0.548,1,0,8,-10.15,,PANW,
psperm_0911_tech_gpt-51_6x_20-10_202504_20260803_190026_244234_fbon_scr_wt_hold_inc_w1.json,2025-04,6,20-10,ON,2,2025-08-01,2025-09-30,25.53,4.992,20.538,0.0,12.88,1.454,2,1,6,-11.4,59.53,"SNPS,MCHP",MU
psperm_0911_tech_gpt-51_6x_20-10_202504_20260803_190026_244234_fbon_scr_wt_hold_inc_w1.json,2025-04,6,20-10,ON,3,2025-09-30,2025-11-30,8.297,19.987,-11.69,0.0,0.0,-0.0,1,2,6,41.42,13.26,MU,"TSM,AVGO"
psperm_0911_tech_gpt-51_6x_20-10_202504_20260803_190026_244234_fbon_scr_wt_hold_inc_w1.json,2025-04,6,20-10,ON,4,2025-11-30,2026-01-30,1.061,1.061,0.0,0.0,0.0,-0.0,0,0,8,,,,
psperm_0911_tech_gpt-51_6x_20-10_202504_20260803_190026_244234_fbon_scr_wt_hold_inc_w1.json,2025-04,6,20-10,ON,5,2026-01-30,2026-04-01,-6.558,-5.62,-0.938,26.07,0.0,1.886,1,0,7,3.6,,TSM,
psperm_0911_tech_gpt-51_6x_20-10_202504_20260803_190045_677965_fbon_scr_wt_hold_inc_w3.json,2025-04,6,20-10,ON,1,2025-06-01,2025-08-01,11.933,11.933,0.0,3.58,3.58,-0.0,0,0,9,,,,
psperm_0911_tech_gpt-51_6x_20-10_202504_20260803_190045_677965_fbon_scr_wt_hold_inc_w3.json,2025-04,6,20-10,ON,2,2025-08-01,2025-09-30,12.93,13.021,-0.092,8.99,3.2,-0.983,1,0,8,1.59,,TXN,
psperm_0911_tech_gpt-51_6x_20-10_202504_20260803_190045_677965_fbon_scr_wt_hold_inc_w3.json,2025-04,6,20-10,ON,3,2025-09-30,2025-11-30,6.702,11.656,-4.954,0.0,7.96,1.14,3,1,5,29.0,4.38,"AVGO,AMAT,MU",TSM
psperm_0911_tech_gpt-51_6x_20-10_202504_20260803_190045_677965_fbon_scr_wt_hold_inc_w3.json,2025-04,6,20-10,ON,4,2025-11-30,2026-01-30,3.79,3.79,0.0,0.0,0.0,-0.0,0,0,6,,,,
psperm_0911_tech_gpt-51_6x_20-10_202504_20260803_190045_677965_fbon_scr_wt_hold_inc_w3.json,2025-04,6,20-10,ON,5,2026-01-30,2026-04-01,-5.269,-5.269,0.0,0.0,0.0,0.0,0,0,6,,,,
psperm_0911_tech_gpt-51_6x_20-10_202504_20260803_190100_398788_fbon_scr_wt_hold_inc_w0.json,2025-04,6,20-10,ON,1,2025-06-01,2025-08-01,13.195,10.883,2.311,0.0,4.5,0.474,1,1,8,-18.99,15.92,ACN,META
psperm_0911_tech_gpt-51_6x_20-10_202504_20260803_190100_398788_fbon_scr_wt_hold_inc_w0.json,2025-04,6,20-10,ON,2,2025-08-01,2025-09-30,12.567,15.049,-2.481,6.33,0.0,-1.227,1,0,8,39.22,,LRCX,
psperm_0911_tech_gpt-51_6x_20-10_202504_20260803_190100_398788_fbon_scr_wt_hold_inc_w0.json,2025-04,6,20-10,ON,3,2025-09-30,2025-11-30,7.62,10.079,-2.459,16.73,5.62,-1.241,1,0,7,22.14,,AVGO,
psperm_0911_tech_gpt-51_6x_20-10_202504_20260803_190100_398788_fbon_scr_wt_hold_inc_w0.json,2025-04,6,20-10,ON,4,2025-11-30,2026-01-30,-4.568,7.962,-12.531,0.0,15.54,1.268,1,1,6,75.51,-17.63,MU,AVGO
psperm_0911_tech_gpt-51_6x_20-10_202504_20260803_190100_398788_fbon_scr_wt_hold_inc_w0.json,2025-04,6,20-10,ON,5,2026-01-30,2026-04-01,-9.442,-9.442,0.0,0.0,0.0,0.0,0,0,7,,,,
psperm_0918_tech_gpt-51_12x_20-10_202504_20260803_190352_962097_fbon_scr_wt_hold_inc_w2.json,2025-04,12,20-10,ON,1,2025-05-01,2025-06-01,8.78,8.923,-0.143,0.0,5.97,0.652,1,1,7,12.18,5.42,KLAC,ACN
psperm_0918_tech_gpt-51_12x_20-10_202504_20260803_190352_962097_fbon_scr_wt_hold_inc_w2.json,2025-04,12,20-10,ON,2,2025-06-01,2025-07-01,5.915,7.17,-1.255,20.18,0.0,-1.715,2,0,6,9.51,,"MCHP,ACN",
psperm_0918_tech_gpt-51_12x_20-10_202504_20260803_190352_962097_fbon_scr_wt_hold_inc_w2.json,2025-04,12,20-10,ON,3,2025-07-01,2025-08-01,3.542,2.696,0.847,0.0,19.06,0.422,0,2,6,,4.48,,"META,TSM"
psperm_0918_tech_gpt-51_12x_20-10_202504_20260803_190352_962097_fbon_scr_wt_hold_inc_w2.json,2025-04,12,20-10,ON,4,2025-08-01,2025-08-31,4.475,4.333,0.142,7.71,0.0,-0.383,1,0,7,-1.85,,TSM,
psperm_0918_tech_gpt-51_12x_20-10_202504_20260803_190352_962097_fbon_scr_wt_hold_inc_w2.json,2025-04,12,20-10,ON,5,2025-08-31,2025-09-30,5.712,4.137,1.575,0.0,7.38,0.376,0,1,7,,21.35,,TSM
psperm_0918_tech_gpt-51_12x_20-10_202504_20260803_190352_962097_fbon_scr_wt_hold_inc_w2.json,2025-04,12,20-10,ON,6,2025-09-30,2025-10-31,5.473,4.786,0.686,0.0,0.0,-0.0,1,2,7,-11.34,2.01,TXN,"SNPS,AVGO"
psperm_0918_tech_gpt-51_12x_20-10_202504_20260803_190352_962097_fbon_scr_wt_hold_inc_w2.json,2025-04,12,20-10,ON,7,2025-10-31,2025-11-30,0.282,-0.247,0.529,12.09,0.0,0.09,2,0,7,-5.43,,"TSM,SNPS",
psperm_0918_tech_gpt-51_12x_20-10_202504_20260803_190352_962097_fbon_scr_wt_hold_inc_w2.json,2025-04,12,20-10,ON,8,2025-11-30,2025-12-31,-0.716,-0.716,0.0,12.05,12.05,0.0,0,0,7,,,,
psperm_0918_tech_gpt-51_12x_20-10_202504_20260803_190352_962097_fbon_scr_wt_hold_inc_w2.json,2025-04,12,20-10,ON,9,2025-12-31,2026-01-30,0.707,0.707,0.0,12.14,12.14,-0.0,0,0,7,,,,
psperm_0918_tech_gpt-51_12x_20-10_202504_20260803_190352_962097_fbon_scr_wt_hold_inc_w2.json,2025-04,12,20-10,ON,10,2026-01-30,2026-03-02,-5.789,-5.789,0.0,12.06,12.06,0.0,0,0,7,,,,
psperm_0918_tech_gpt-51_12x_20-10_202504_20260803_190352_962097_fbon_scr_wt_hold_inc_w2.json,2025-04,12,20-10,ON,11,2026-03-02,2026-04-01,-3.77,-3.77,0.0,12.8,12.8,0.0,0,0,7,,,,
psperm_0918_tech_gpt-51_12x_20-10_202504_20260803_190412_669914_fbon_scr_wt_hold_inc_w1.json,2025-04,12,20-10,ON,1,2025-05-01,2025-06-01,5.841,7.048,-1.207,14.32,1.99,-1.022,3,0,6,9.74,,"TXN,ACN,ADSK",
psperm_0918_tech_gpt-51_12x_20-10_202504_20260803_190412_669914_fbon_scr_wt_hold_inc_w1.json,2025-04,12,20-10,ON,2,2025-06-01,2025-07-01,7.261,5.82,1.441,0.0,13.53,1.1,1,2,5,10.44,10.39,QCOM,"META,AVGO"
psperm_0918_tech_gpt-51_12x_20-10_202504_20260803_190412_669914_fbon_scr_wt_hold_inc_w1.json,2025-04,12,20-10,ON,3,2025-07-01,2025-08-01,5.342,5.342,0.0,0.0,0.0,-0.0,0,0,7,,,,
psperm_0918_tech_gpt-51_12x_20-10_202504_20260803_190412_669914_fbon_scr_wt_hold_inc_w1.json,2025-04,12,20-10,ON,4,2025-08-01,2025-08-31,4.265,4.265,0.0,0.0,0.0,-0.0,0,0,7,,,,
psperm_0918_tech_gpt-51_12x_20-10_202504_20260803_190412_669914_fbon_scr_wt_hold_inc_w1.json,2025-04,12,20-10,ON,5,2025-08-31,2025-09-30,6.189,6.189,0.0,0.0,0.0,-0.0,0,0,7,,,,
psperm_0918_tech_gpt-51_12x_20-10_202504_20260803_190412_669914_fbon_scr_wt_hold_inc_w1.json,2025-04,12,20-10,ON,6,2025-09-30,2025-10-31,6.161,6.161,0.0,0.0,0.0,-0.0,0,0,7,,,,
psperm_0918_tech_gpt-51_12x_20-10_202504_20260803_190412_669914_fbon_scr_wt_hold_inc_w1.json,2025-04,12,20-10,ON,7,2025-10-31,2025-11-30,0.368,1.14,-0.771,8.56,0.0,-0.051,1,0,6,9.02,,AVGO,
psperm_0918_tech_gpt-51_12x_20-10_202504_20260803_190412_669914_fbon_scr_wt_hold_inc_w1.json,2025-04,12,20-10,ON,8,2025-11-30,2025-12-31,-0.45,-0.45,0.0,8.52,8.52,0.0,0,0,6,,,,
psperm_0918_tech_gpt-51_12x_20-10_202504_20260803_190412_669914_fbon_scr_wt_hold_inc_w1.json,2025-04,12,20-10,ON,9,2025-12-31,2026-01-30,0.821,0.821,0.0,8.56,8.56,-0.0,0,0,6,,,,
psperm_0918_tech_gpt-51_12x_20-10_202504_20260803_190412_669914_fbon_scr_wt_hold_inc_w1.json,2025-04,12,20-10,ON,10,2026-01-30,2026-03-02,-6.377,-6.057,-0.32,0.0,8.49,-0.538,0,1,6,,-3.77,,AVGO
psperm_0918_tech_gpt-51_12x_20-10_202504_20260803_190412_669914_fbon_scr_wt_hold_inc_w1.json,2025-04,12,20-10,ON,11,2026-03-02,2026-04-01,-4.194,-4.194,0.0,0.0,0.0,0.0,0,0,7,,,,
psperm_0918_tech_gpt-51_12x_20-10_202504_20260803_190444_277722_fbon_scr_wt_hold_inc_w3.json,2025-04,12,20-10,ON,1,2025-05-01,2025-06-01,6.257,7.699,-1.442,20.42,2.94,-1.471,2,0,7,7.61,,"TSM,PANW",
psperm_0918_tech_gpt-51_12x_20-10_202504_20260803_190444_277722_fbon_scr_wt_hold_inc_w3.json,2025-04,12,20-10,ON,2,2025-06-01,2025-07-01,9.21,7.437,1.773,0.0,19.22,1.98,0,2,7,,9.23,,"META,ASML"
psperm_0918_tech_gpt-51_12x_20-10_202504_20260803_190444_277722_fbon_scr_wt_hold_inc_w3.json,2025-04,12,20-10,ON,3,2025-07-01,2025-08-01,4.21,3.131,1.079,25.71,0.0,-0.553,3,0,6,-2.37,,"MU,SNPS,ASML",
psperm_0918_tech_gpt-51_12x_20-10_202504_20260803_190444_277722_fbon_scr_wt_hold_inc_w3.json,2025-04,12,20-10,ON,4,2025-08-01,2025-08-31,3.772,3.037,0.736,0.0,24.67,1.15,0,1,6,,2.98,,QQQ
psperm_0918_tech_gpt-51_12x_20-10_202504_20260803_190444_277722_fbon_scr_wt_hold_inc_w3.json,2025-04,12,20-10,ON,5,2025-08-31,2025-09-30,7.405,5.998,1.407,0.0,0.0,-0.0,1,1,6,5.38,11.13,QQQ,AVGO
psperm_0918_tech_gpt-51_12x_20-10_202504_20260803_190444_277722_fbon_scr_wt_hold_inc_w3.json,2025-04,12,20-10,ON,6,2025-09-30,2025-10-31,4.131,7.181,-3.05,25.33,0.0,-1.516,1,0,6,12.04,,AVGO,
psperm_0918_tech_gpt-51_12x_20-10_202504_20260803_190444_277722_fbon_scr_wt_hold_inc_w3.json,2025-04,12,20-10,ON,7,2025-10-31,2025-11-30,-2.193,0.053,-2.246,0.0,24.32,-0.736,0,2,6,,-9.68,,"SNPS,CRM"
psperm_0918_tech_gpt-51_12x_20-10_202504_20260803_190444_277722_fbon_scr_wt_hold_inc_w3.json,2025-04,12,20-10,ON,8,2025-11-30,2025-12-31,0.991,2.762,-1.771,14.32,0.0,-0.49,1,0,7,12.37,,SNPS,
psperm_0918_tech_gpt-51_12x_20-10_202504_20260803_190444_277722_fbon_scr_wt_hold_inc_w3.json,2025-04,12,20-10,ON,9,2025-12-31,2026-01-30,-2.002,-1.396,-0.606,0.0,14.18,-0.302,0,1,7,,-4.28,,AVGO
psperm_0918_tech_gpt-51_12x_20-10_202504_20260803_190444_277722_fbon_scr_wt_hold_inc_w3.json,2025-04,12,20-10,ON,10,2026-01-30,2026-03-02,-6.172,-6.172,0.0,0.0,0.0,0.0,0,0,8,,,,
psperm_0918_tech_gpt-51_12x_20-10_202504_20260803_190444_277722_fbon_scr_wt_hold_inc_w3.json,2025-04,12,20-10,ON,11,2026-03-02,2026-04-01,-4.093,-4.093,0.0,0.0,0.0,0.0,0,0,8,,,,
psperm_0981_tech_gpt-51_2x_20-10_202505_20260803_190149_666874_fbon_scr_wt_hold_inc_w0.json,2025-05,2,20-10,ON,1,2025-10-30,2026-05-01,13.118,15.362,-2.244,14.61,3.15,-1.799,2,0,7,20.0,,"ARM,AVGO",
psperm_0981_tech_gpt-51_2x_20-10_202505_20260803_190232_070883_fbon_scr_wt_hold_inc_w0.json,2025-05,2,20-10,ON,1,2025-10-30,2026-05-01,12.373,7.968,4.404,0.0,7.33,0.486,1,1,6,-27.24,20.37,ACN,AMZN
psperm_0981_tech_gpt-51_2x_20-10_202505_20260803_190317_768304_fbon_scr_wt_hold_inc_w0.json,2025-05,2,20-10,ON,1,2025-10-30,2026-05-01,2.441,6.605,-4.164,28.95,3.38,-1.767,4,0,5,13.28,,"TSM,AVGO,ADSK,ARM",
psperm_0988_tech_gpt-51_4x_20-10_202505_20260803_190441_110264_fbon_scr_wt_hold_inc_w0.json,2025-05,4,20-10,ON,1,2025-07-31,2025-10-30,18.455,18.455,0.0,3.83,3.83,-0.0,0,0,9,,,,
psperm_0988_tech_gpt-51_4x_20-10_202505_20260803_190441_110264_fbon_scr_wt_hold_inc_w0.json,2025-05,4,20-10,ON,2,2025-10-30,2026-01-30,-1.855,-2.21,0.355,10.63,3.23,0.275,2,0,7,-6.96,,"SNPS,PANW",
psperm_0988_tech_gpt-51_4x_20-10_202505_20260803_190441_110264_fbon_scr_wt_hold_inc_w0.json,2025-05,4,20-10,ON,3,2026-01-30,2026-05-01,14.393,14.393,0.0,10.84,10.84,-0.0,0,0,7,,,,
psperm_0988_tech_gpt-51_4x_20-10_202505_20260803_190517_696060_fbon_scr_wt_hold_inc_w2.json,2025-05,4,20-10,ON,1,2025-07-31,2025-10-30,19.348,20.051,-0.703,11.32,2.34,-1.831,2,0,7,12.48,,"ADSK,PANW",
psperm_0988_tech_gpt-51_4x_20-10_202505_20260803_190517_696060_fbon_scr_wt_hold_inc_w2.json,2025-05,4,20-10,ON,2,2025-10-30,2026-01-30,-0.097,-1.284,1.187,19.52,9.48,0.279,1,0,6,-11.83,,AVGO,
psperm_0988_tech_gpt-51_4x_20-10_202505_20260803_190517_696060_fbon_scr_wt_hold_inc_w2.json,2025-05,4,20-10,ON,3,2026-01-30,2026-05-01,8.387,11.311,-2.924,0.0,19.54,2.011,0,1,6,,-14.97,,META
psperm_0988_tech_gpt-51_4x_20-10_202505_20260803_190538_643148_fbon_scr_wt_hold_inc_w1.json,2025-05,4,20-10,ON,1,2025-07-31,2025-10-30,17.262,23.49,-6.229,11.53,3.98,-2.2,2,0,7,61.2,,"MU,ARM",
psperm_0988_tech_gpt-51_4x_20-10_202505_20260803_190538_643148_fbon_scr_wt_hold_inc_w1.json,2025-05,4,20-10,ON,2,2025-10-30,2026-01-30,3.179,0.827,2.351,0.0,9.83,0.055,2,1,5,-1.26,7.59,"TSM,AVGO",META
psperm_0988_tech_gpt-51_4x_20-10_202505_20260803_190538_643148_fbon_scr_wt_hold_inc_w1.json,2025-05,4,20-10,ON,3,2026-01-30,2026-05-01,1.268,1.268,0.0,0.0,0.0,-0.0,0,0,6,,,,
psperm_0995_tech_gpt-51_6x_20-10_202505_20260803_190645_127300_fbon_scr_wt_hold_inc_w3.json,2025-05,6,20-10,ON,1,2025-07-01,2025-08-31,8.865,9.721,-0.856,19.08,2.6,-1.479,3,0,6,4.95,,"TSM,SNPS,PANW",
psperm_0995_tech_gpt-51_6x_20-10_202505_20260803_190645_127300_fbon_scr_wt_hold_inc_w3.json,2025-05,6,20-10,ON,2,2025-08-31,2025-10-30,14.106,13.387,0.719,0.0,17.53,2.433,0,2,6,,8.71,,"META,CRWD"
psperm_0995_tech_gpt-51_6x_20-10_202505_20260803_190645_127300_fbon_scr_wt_hold_inc_w3.json,2025-05,6,20-10,ON,3,2025-10-30,2025-12-30,0.802,-0.791,1.593,18.0,0.0,0.374,2,0,6,-9.3,,"AVGO,CRWD",
psperm_0995_tech_gpt-51_6x_20-10_202505_20260803_190645_127300_fbon_scr_wt_hold_inc_w3.json,2025-05,6,20-10,ON,4,2025-12-30,2026-03-01,-5.336,-5.336,0.0,17.85,17.85,0.0,0,0,6,,,,
psperm_0995_tech_gpt-51_6x_20-10_202505_20260803_190645_127300_fbon_scr_wt_hold_inc_w3.json,2025-05,6,20-10,ON,5,2026-03-01,2026-05-01,25.831,10.728,15.103,0.0,18.86,4.02,0,1,6,,80.08,,AMD
psperm_0995_tech_gpt-51_6x_20-10_202505_20260803_190647_569789_fbon_scr_wt_hold_inc_w0.json,2025-05,6,20-10,ON,1,2025-07-01,2025-08-31,9.911,8.028,1.883,19.07,4.36,-0.916,2,0,7,-12.6,,"ACN,ARM",
psperm_0995_tech_gpt-51_6x_20-10_202505_20260803_190647_569789_fbon_scr_wt_hold_inc_w0.json,2025-05,6,20-10,ON,2,2025-08-31,2025-10-30,12.537,14.25,-1.713,0.0,17.35,1.961,1,2,6,14.57,-6.2,PANW,"AMZN,META"
psperm_0995_tech_gpt-51_6x_20-10_202505_20260803_190647_569789_fbon_scr_wt_hold_inc_w0.json,2025-05,6,20-10,ON,3,2025-10-30,2025-12-30,-1.028,-1.028,0.0,0.0,0.0,0.0,0,0,8,,,,
psperm_0995_tech_gpt-51_6x_20-10_202505_20260803_190647_569789_fbon_scr_wt_hold_inc_w0.json,2025-05,6,20-10,ON,4,2025-12-30,2026-03-01,-7.1,-7.1,0.0,0.0,0.0,0.0,0,0,8,,,,
psperm_0995_tech_gpt-51_6x_20-10_202505_20260803_190647_569789_fbon_scr_wt_hold_inc_w0.json,2025-05,6,20-10,ON,5,2026-03-01,2026-05-01,20.805,21.808,-1.003,5.53,0.0,-1.157,1,0,7,18.12,,SNPS,
psperm_0995_tech_gpt-51_6x_20-10_202505_20260803_190721_701610_fbon_scr_wt_hold_inc_w2.json,2025-05,6,20-10,ON,1,2025-07-01,2025-08-31,10.264,11.157,-0.893,9.05,3.35,-0.65,1,0,8,15.67,,SNPS,
psperm_0995_tech_gpt-51_6x_20-10_202505_20260803_190721_701610_fbon_scr_wt_hold_inc_w2.json,2025-05,6,20-10,ON,2,2025-08-31,2025-10-30,20.291,20.511,-0.22,0.0,8.2,1.571,0,1,8,,-2.68,,AMZN
psperm_0995_tech_gpt-51_6x_20-10_202505_20260803_190721_701610_fbon_scr_wt_hold_inc_w2.json,2025-05,6,20-10,ON,3,2025-10-30,2025-12-30,-1.876,-1.876,0.0,0.0,0.0,0.0,0,0,9,,,,
psperm_0995_tech_gpt-51_6x_20-10_202505_20260803_190721_701610_fbon_scr_wt_hold_inc_w2.json,2025-05,6,20-10,ON,4,2025-12-30,2026-03-01,-6.026,-3.209,-2.817,11.25,0.0,0.395,1,0,8,25.04,,TSM,
psperm_0995_tech_gpt-51_6x_20-10_202505_20260803_190721_701610_fbon_scr_wt_hold_inc_w2.json,2025-05,6,20-10,ON,5,2026-03-01,2026-05-01,17.256,20.118,-2.862,20.89,11.98,-2.02,1,0,7,32.11,,AVGO,
psperm_1002_tech_gpt-51_12x_20-10_202505_20260803_190922_110001_fbon_scr_wt_hold_inc_w1.json,2025-05,12,20-10,ON,1,2025-05-31,2025-07-01,6.512,8.751,-2.239,18.25,4.59,-1.468,2,0,7,16.62,,"ADSK,MU",
psperm_1002_tech_gpt-51_12x_20-10_202505_20260803_190922_110001_fbon_scr_wt_hold_inc_w1.json,2025-05,12,20-10,ON,2,2025-07-01,2025-07-31,8.292,7.231,1.061,0.0,17.14,1.257,0,1,7,,6.19,,AMZN
psperm_1002_tech_gpt-51_12x_20-10_202505_20260803_190922_110001_fbon_scr_wt_hold_inc_w1.json,2025-05,12,20-10,ON,3,2025-07-31,2025-08-31,0.791,1.638,-0.847,0.0,0.0,-0.0,2,2,6,3.55,-5.62,"SNPS,TXN","TSM,CRWD"
psperm_1002_tech_gpt-51_12x_20-10_202505_20260803_190922_110001_fbon_scr_wt_hold_inc_w1.json,2025-05,12,20-10,ON,4,2025-08-31,2025-09-30,7.256,8.046,-0.79,5.02,0.0,-0.486,1,0,7,15.74,,CRWD,
psperm_1002_tech_gpt-51_12x_20-10_202505_20260803_190922_110001_fbon_scr_wt_hold_inc_w1.json,2025-05,12,20-10,ON,5,2025-09-30,2025-10-30,5.271,7.674,-2.403,25.52,4.68,-1.691,2,0,5,11.34,,"AVGO,TSM",
psperm_1002_tech_gpt-51_12x_20-10_202505_20260803_190922_110001_fbon_scr_wt_hold_inc_w1.json,2025-05,12,20-10,ON,6,2025-10-30,2025-11-30,-0.022,0.94,-0.962,0.0,24.24,-0.358,0,3,5,,-4.68,,"SNPS,META,ADBE"
psperm_1002_tech_gpt-51_12x_20-10_202505_20260803_190922_110001_fbon_scr_wt_hold_inc_w1.json,2025-05,12,20-10,ON,7,2025-11-30,2025-12-30,1.345,1.345,0.0,0.0,0.0,-0.0,0,0,8,,,,
psperm_1002_tech_gpt-51_12x_20-10_202505_20260803_190922_110001_fbon_scr_wt_hold_inc_w1.json,2025-05,12,20-10,ON,8,2025-12-30,2026-01-30,1.001,-0.044,1.045,6.21,0.0,0.12,1,0,7,-16.81,,ADBE,
psperm_1002_tech_gpt-51_12x_20-10_202505_20260803_190922_110001_fbon_scr_wt_hold_inc_w1.json,2025-05,12,20-10,ON,9,2026-01-30,2026-03-01,-6.792,-7.248,0.456,10.3,6.15,0.322,1,0,6,-10.99,,SNPS,
psperm_1002_tech_gpt-51_12x_20-10_202505_20260803_190922_110001_fbon_scr_wt_hold_inc_w1.json,2025-05,12,20-10,ON,10,2026-03-01,2026-04-01,-3.768,-3.768,0.0,11.05,11.05,0.0,0,0,6,,,,
psperm_1002_tech_gpt-51_12x_20-10_202505_20260803_190922_110001_fbon_scr_wt_hold_inc_w1.json,2025-05,12,20-10,ON,11,2026-04-01,2026-05-01,18.705,15.753,2.952,0.0,11.48,2.066,0,2,6,,23.54,,"AVGO,PANW"
psperm_1002_tech_gpt-51_12x_20-10_202505_20260803_191025_475479_fbon_scr_wt_hold_inc_w0.json,2025-05,12,20-10,ON,1,2025-05-31,2025-07-01,6.233,7.607,-1.374,19.34,1.86,-1.637,3,0,7,11.17,,"ACN,SNPS,ARM",
psperm_1002_tech_gpt-51_12x_20-10_202505_20260803_191025_475479_fbon_scr_wt_hold_inc_w0.json,2025-05,12,20-10,ON,2,2025-07-01,2025-07-31,8.18,6.807,1.372,0.0,18.21,1.494,1,1,6,7.54,7.54,TSM,META
psperm_1002_tech_gpt-51_12x_20-10_202505_20260803_191025_475479_fbon_scr_wt_hold_inc_w0.json,2025-05,12,20-10,ON,3,2025-07-31,2025-08-31,0.545,0.545,0.0,0.0,0.0,-0.0,0,0,7,,,,
psperm_1002_tech_gpt-51_12x_20-10_202505_20260803_191025_475479_fbon_scr_wt_hold_inc_w0.json,2025-05,12,20-10,ON,4,2025-08-31,2025-09-30,5.256,5.256,0.0,0.0,0.0,-0.0,0,0,7,,,,
psperm_1002_tech_gpt-51_12x_20-10_202505_20260803_191025_475479_fbon_scr_wt_hold_inc_w0.json,2025-05,12,20-10,ON,5,2025-09-30,2025-10-30,4.064,4.064,0.0,0.0,0.0,-0.0,0,0,7,,,,
psperm_1002_tech_gpt-51_12x_20-10_202505_20260803_191025_475479_fbon_scr_wt_hold_inc_w0.json,2025-05,12,20-10,ON,6,2025-10-30,2025-11-30,0.199,0.793,-0.594,8.44,0.0,-0.078,1,0,6,7.04,,AVGO,
psperm_1002_tech_gpt-51_12x_20-10_202505_20260803_191025_475479_fbon_scr_wt_hold_inc_w0.json,2025-05,12,20-10,ON,7,2025-11-30,2025-12-30,0.653,0.397,0.257,0.0,8.42,0.08,0,1,6,,3.05,,TSM
psperm_1002_tech_gpt-51_12x_20-10_202505_20260803_191025_475479_fbon_scr_wt_hold_inc_w0.json,2025-05,12,20-10,ON,8,2025-12-30,2026-01-30,1.369,2.261,-0.892,8.62,0.0,-0.169,1,0,6,10.34,,TSM,
psperm_1002_tech_gpt-51_12x_20-10_202505_20260803_191025_475479_fbon_scr_wt_hold_inc_w0.json,2025-05,12,20-10,ON,9,2026-01-30,2026-03-01,-6.678,-6.678,0.0,8.51,8.51,0.0,0,0,6,,,,
psperm_1002_tech_gpt-51_12x_20-10_202505_20260803_191025_475479_fbon_scr_wt_hold_inc_w0.json,2025-05,12,20-10,ON,10,2026-03-01,2026-04-01,-4.135,-4.658,0.523,0.0,9.12,-0.249,0,1,6,,5.73,,CRWD
psperm_1002_tech_gpt-51_12x_20-10_202505_20260803_191025_475479_fbon_scr_wt_hold_inc_w0.json,2025-05,12,20-10,ON,11,2026-04-01,2026-05-01,14.509,16.103,-1.593,10.05,0.0,-1.619,1,0,6,15.85,,CRWD,
psperm_1002_tech_gpt-51_12x_20-10_202505_20260803_191053_341546_fbon_scr_wt_hold_inc_w3.json,2025-05,12,20-10,ON,1,2025-05-31,2025-07-01,8.776,8.776,0.0,7.31,7.31,-0.0,0,0,8,,,,
psperm_1002_tech_gpt-51_12x_20-10_202505_20260803_191053_341546_fbon_scr_wt_hold_inc_w3.json,2025-05,12,20-10,ON,2,2025-07-01,2025-07-31,9.193,10.02,-0.827,17.7,6.72,-1.221,1,0,7,7.54,,TSM,
psperm_1002_tech_gpt-51_12x_20-10_202505_20260803_191053_341546_fbon_scr_wt_hold_inc_w3.json,2025-05,12,20-10,ON,3,2025-07-31,2025-08-31,0.402,0.755,-0.354,0.0,16.21,0.057,0,1,7,,-2.18,,AMZN
psperm_1002_tech_gpt-51_12x_20-10_202505_20260803_191053_341546_fbon_scr_wt_hold_inc_w3.json,2025-05,12,20-10,ON,4,2025-08-31,2025-09-30,5.316,5.316,0.0,0.0,0.0,-0.0,0,0,8,,,,
psperm_1002_tech_gpt-51_12x_20-10_202505_20260803_191053_341546_fbon_scr_wt_hold_inc_w3.json,2025-05,12,20-10,ON,5,2025-09-30,2025-10-30,10.047,11.427,-1.38,9.78,0.0,-1.179,1,0,7,14.11,,AVGO,
psperm_1002_tech_gpt-51_12x_20-10_202505_20260803_191053_341546_fbon_scr_wt_hold_inc_w3.json,2025-05,12,20-10,ON,6,2025-10-30,2025-11-30,-0.994,-0.994,0.0,8.88,8.88,0.0,0,0,7,,,,
psperm_1002_tech_gpt-51_12x_20-10_202505_20260803_191053_341546_fbon_scr_wt_hold_inc_w3.json,2025-05,12,20-10,ON,7,2025-11-30,2025-12-30,0.007,-0.099,0.106,19.5,8.97,-0.039,1,0,6,-1.01,,AMD,
psperm_1002_tech_gpt-51_12x_20-10_202505_20260803_191053_341546_fbon_scr_wt_hold_inc_w3.json,2025-05,12,20-10,ON,8,2025-12-30,2026-01-30,0.447,0.447,0.0,19.5,19.5,-0.0,0,0,6,,,,
psperm_1002_tech_gpt-51_12x_20-10_202505_20260803_191053_341546_fbon_scr_wt_hold_inc_w3.json,2025-05,12,20-10,ON,9,2026-01-30,2026-03-01,-6.756,-6.068,-0.688,0.0,19.41,-1.303,0,1,6,,-3.55,,AVGO
psperm_1002_tech_gpt-51_12x_20-10_202505_20260803_191053_341546_fbon_scr_wt_hold_inc_w3.json,2025-05,12,20-10,ON,10,2026-03-01,2026-04-01,-3.105,-3.105,0.0,0.0,0.0,0.0,0,0,7,,,,
psperm_1002_tech_gpt-51_12x_20-10_202505_20260803_191053_341546_fbon_scr_wt_hold_inc_w3.json,2025-05,12,20-10,ON,11,2026-04-01,2026-05-01,22.683,22.683,0.0,0.0,0.0,-0.0,0,0,7,,,,
psperm_1065_tech_gpt-51_2x_20-10_202506_20260803_190810_217556_fbon_scr_wt_hold_inc_w2.json,2025-06,2,20-10,ON,1,2025-11-30,2026-06-01,25.137,40.429,-15.292,34.32,1.38,-11.033,3,0,7,48.99,,"TSM,AVGO,AMAT",
psperm_1065_tech_gpt-51_2x_20-10_202506_20260803_190856_097580_fbon_scr_wt_hold_inc_w2.json,2025-06,2,20-10,ON,1,2025-11-30,2026-06-01,17.991,21.381,-3.39,8.96,2.22,-1.894,1,0,8,50.26,,TSM,
psperm_1065_tech_gpt-51_2x_20-10_202506_20260803_190938_526666_fbon_scr_wt_hold_inc_w2.json,2025-06,2,20-10,ON,1,2025-11-30,2026-06-01,19.318,23.804,-4.486,12.6,3.67,-2.506,1,0,8,50.26,,TSM,
psperm_1072_tech_gpt-51_4x_20-10_202506_20260803_191044_040337_fbon_scr_wt_hold_inc_w1.json,2025-06,4,20-10,ON,1,2025-08-31,2025-11-30,9.651,11.744,-2.093,15.13,4.27,-1.424,2,0,7,16.06,,"AVGO,ADSK",
psperm_1072_tech_gpt-51_4x_20-10_202506_20260803_191044_040337_fbon_scr_wt_hold_inc_w1.json,2025-06,4,20-10,ON,2,2025-11-30,2026-03-02,-1.546,-1.766,0.22,0.0,13.8,-0.104,0,1,7,,1.59,,SNPS
psperm_1072_tech_gpt-51_4x_20-10_202506_20260803_191044_040337_fbon_scr_wt_hold_inc_w1.json,2025-06,4,20-10,ON,3,2026-03-02,2026-06-01,13.332,17.841,-4.509,26.45,0.0,-4.267,2,0,6,17.14,,"TSM,SNPS",
psperm_1072_tech_gpt-51_4x_20-10_202506_20260803_191102_811157_fbon_scr_wt_hold_inc_w2.json,2025-06,4,20-10,ON,1,2025-08-31,2025-11-30,11.863,11.863,0.0,1.69,1.69,-0.0,0,0,9,,,,
psperm_1072_tech_gpt-51_4x_20-10_202506_20260803_191102_811157_fbon_scr_wt_hold_inc_w2.json,2025-06,4,20-10,ON,2,2025-11-30,2026-03-02,-6.235,-3.459,-2.776,11.8,1.51,0.306,1,0,8,26.96,,TSM,
psperm_1072_tech_gpt-51_4x_20-10_202506_20260803_191102_811157_fbon_scr_wt_hold_inc_w2.json,2025-06,4,20-10,ON,3,2026-03-02,2026-06-01,17.781,18.132,-0.351,14.79,12.59,-0.428,1,0,7,15.93,,SNPS,
psperm_1072_tech_gpt-51_4x_20-10_202506_20260803_191150_592164_fbon_scr_wt_hold_inc_w0.json,2025-06,4,20-10,ON,1,2025-08-31,2025-11-30,12.532,14.016,-1.484,6.87,3.42,-0.632,1,0,8,42.99,,ASML,
psperm_1072_tech_gpt-51_4x_20-10_202506_20260803_191150_592164_fbon_scr_wt_hold_inc_w0.json,2025-06,4,20-10,ON,2,2025-11-30,2026-03-02,-6.033,-3.859,-2.175,14.17,6.1,0.286,1,0,7,26.96,,TSM,
psperm_1072_tech_gpt-51_4x_20-10_202506_20260803_191150_592164_fbon_scr_wt_hold_inc_w0.json,2025-06,4,20-10,ON,3,2026-03-02,2026-06-01,17.372,17.372,0.0,15.08,15.08,-0.0,0,0,7,,,,
psperm_1079_tech_gpt-51_6x_20-10_202506_20260803_191247_339263_fbon_scr_wt_hold_inc_w1.json,2025-06,6,20-10,ON,1,2025-08-01,2025-10-01,12.29,11.865,0.425,0.0,4.41,0.762,1,1,8,45.44,26.96,ASML,ANET
psperm_1079_tech_gpt-51_6x_20-10_202506_20260803_191247_339263_fbon_scr_wt_hold_inc_w1.json,2025-06,6,20-10,ON,2,2025-10-01,2025-11-30,5.055,3.85,1.205,9.68,0.0,-0.375,1,0,8,-12.45,,ANET,
psperm_1079_tech_gpt-51_6x_20-10_202506_20260803_191247_339263_fbon_scr_wt_hold_inc_w1.json,2025-06,6,20-10,ON,3,2025-11-30,2026-01-30,-0.37,0.72,-1.09,17.17,9.21,-0.035,1,0,7,13.7,,TSM,
psperm_1079_tech_gpt-51_6x_20-10_202506_20260803_191247_339263_fbon_scr_wt_hold_inc_w1.json,2025-06,6,20-10,ON,4,2026-01-30,2026-04-01,-8.541,-8.541,0.0,17.23,17.23,0.0,0,0,7,,,,
psperm_1079_tech_gpt-51_6x_20-10_202506_20260803_191247_339263_fbon_scr_wt_hold_inc_w1.json,2025-06,6,20-10,ON,5,2026-04-01,2026-06-01,47.811,20.931,26.879,0.0,18.84,7.447,0,1,7,,142.68,,AMD
psperm_1079_tech_gpt-51_6x_20-10_202506_20260803_191256_472296_fbon_scr_wt_hold_inc_w3.json,2025-06,6,20-10,ON,1,2025-08-01,2025-10-01,8.803,9.289,-0.486,10.16,1.72,-0.632,2,0,8,-2.65,,"AVGO,SNPS",
psperm_1079_tech_gpt-51_6x_20-10_202506_20260803_191256_472296_fbon_scr_wt_hold_inc_w3.json,2025-06,6,20-10,ON,2,2025-10-01,2025-11-30,5.271,5.358,-0.087,17.64,9.34,-0.613,1,0,7,1.05,,TSM,
psperm_1079_tech_gpt-51_6x_20-10_202506_20260803_191256_472296_fbon_scr_wt_hold_inc_w3.json,2025-06,6,20-10,ON,3,2025-11-30,2026-01-30,1.781,1.781,0.0,16.75,16.75,-0.0,0,0,7,,,,
psperm_1079_tech_gpt-51_6x_20-10_202506_20260803_191256_472296_fbon_scr_wt_hold_inc_w3.json,2025-06,6,20-10,ON,4,2026-01-30,2026-04-01,-9.051,-9.051,0.0,16.46,16.46,0.0,0,0,7,,,,
psperm_1079_tech_gpt-51_6x_20-10_202506_20260803_191256_472296_fbon_scr_wt_hold_inc_w3.json,2025-06,6,20-10,ON,5,2026-04-01,2026-06-01,35.005,26.549,8.456,0.0,18.1,7.154,0,1,7,,46.73,,AVGO
psperm_1079_tech_gpt-51_6x_20-10_202506_20260803_191305_157375_fbon_scr_wt_hold_inc_w2.json,2025-06,6,20-10,ON,1,2025-08-01,2025-10-01,9.028,9.028,0.0,2.57,2.57,-0.0,0,0,8,,,,
psperm_1079_tech_gpt-51_6x_20-10_202506_20260803_191305_157375_fbon_scr_wt_hold_inc_w2.json,2025-06,6,20-10,ON,2,2025-10-01,2025-11-30,8.004,7.979,0.025,0.0,2.36,0.21,0,1,8,,1.05,,TSM
psperm_1079_tech_gpt-51_6x_20-10_202506_20260803_191305_157375_fbon_scr_wt_hold_inc_w2.json,2025-06,6,20-10,ON,3,2025-11-30,2026-01-30,0.318,0.318,0.0,0.0,0.0,-0.0,0,0,9,,,,
psperm_1079_tech_gpt-51_6x_20-10_202506_20260803_191305_157375_fbon_scr_wt_hold_inc_w2.json,2025-06,6,20-10,ON,4,2026-01-30,2026-04-01,-9.706,-9.616,-0.09,2.5,0.0,0.22,1,0,8,3.6,,TSM,
psperm_1079_tech_gpt-51_6x_20-10_202506_20260803_191305_157375_fbon_scr_wt_hold_inc_w2.json,2025-06,6,20-10,ON,5,2026-04-01,2026-06-01,36.421,36.421,0.0,2.77,2.77,-0.0,0,0,8,,,,
psperm_1086_tech_gpt-51_12x_20-10_202506_20260803_191543_779307_fbon_scr_wt_hold_inc_w0.json,2025-06,12,20-10,ON,1,2025-07-01,2025-08-01,6.207,6.558,-0.351,12.08,4.59,-0.552,1,0,8,4.69,,TSM,
psperm_1086_tech_gpt-51_12x_20-10_202506_20260803_191543_779307_fbon_scr_wt_hold_inc_w0.json,2025-06,12,20-10,ON,2,2025-08-01,2025-08-31,2.852,2.852,0.0,11.37,11.37,-0.0,0,0,8,,,,
psperm_1086_tech_gpt-51_12x_20-10_202506_20260803_191543_779307_fbon_scr_wt_hold_inc_w0.json,2025-06,12,20-10,ON,3,2025-08-31,2025-10-01,4.705,4.768,-0.063,18.46,11.06,-0.388,1,0,7,0.85,,AMD,
psperm_1086_tech_gpt-51_12x_20-10_202506_20260803_191543_779307_fbon_scr_wt_hold_inc_w0.json,2025-06,12,20-10,ON,4,2025-10-01,2025-10-31,5.274,5.274,0.0,17.63,17.63,-0.0,0,0,7,,,,
psperm_1086_tech_gpt-51_12x_20-10_202506_20260803_191543_779307_fbon_scr_wt_hold_inc_w0.json,2025-06,12,20-10,ON,5,2025-10-31,2025-11-30,-0.828,-0.196,-0.632,23.75,16.74,-0.042,1,0,6,9.02,,AVGO,
psperm_1086_tech_gpt-51_12x_20-10_202506_20260803_191543_779307_fbon_scr_wt_hold_inc_w0.json,2025-06,12,20-10,ON,6,2025-11-30,2025-12-31,0.028,0.028,0.0,23.95,23.95,0.0,0,0,6,,,,
psperm_1086_tech_gpt-51_12x_20-10_202506_20260803_191543_779307_fbon_scr_wt_hold_inc_w0.json,2025-06,12,20-10,ON,7,2025-12-31,2026-01-30,1.238,1.238,0.0,23.95,23.95,-0.0,0,0,6,,,,
psperm_1086_tech_gpt-51_12x_20-10_202506_20260803_191543_779307_fbon_scr_wt_hold_inc_w0.json,2025-06,12,20-10,ON,8,2026-01-30,2026-03-02,-6.213,-5.322,-0.891,0.0,23.65,-1.499,0,1,6,,-3.77,,AVGO
psperm_1086_tech_gpt-51_12x_20-10_202506_20260803_191543_779307_fbon_scr_wt_hold_inc_w0.json,2025-06,12,20-10,ON,9,2026-03-02,2026-04-01,-3.449,-3.449,0.0,0.0,0.0,0.0,0,0,7,,,,
psperm_1086_tech_gpt-51_12x_20-10_202506_20260803_191543_779307_fbon_scr_wt_hold_inc_w0.json,2025-06,12,20-10,ON,10,2026-04-01,2026-05-02,22.017,22.017,0.0,0.0,0.0,-0.0,0,0,7,,,,
psperm_1086_tech_gpt-51_12x_20-10_202506_20260803_191543_779307_fbon_scr_wt_hold_inc_w0.json,2025-06,12,20-10,ON,11,2026-05-02,2026-06-01,5.629,5.629,0.0,0.0,0.0,-0.0,0,0,7,,,,
psperm_1086_tech_gpt-51_12x_20-10_202506_20260803_191624_925134_fbon_scr_wt_hold_inc_w1.json,2025-06,12,20-10,ON,1,2025-07-01,2025-08-01,5.793,6.194,-0.401,10.4,1.84,-0.631,1,0,8,4.69,,TSM,
psperm_1086_tech_gpt-51_12x_20-10_202506_20260803_191624_925134_fbon_scr_wt_hold_inc_w1.json,2025-06,12,20-10,ON,2,2025-08-01,2025-08-31,3.125,3.125,0.0,9.83,9.83,-0.0,0,0,8,,,,
psperm_1086_tech_gpt-51_12x_20-10_202506_20260803_191624_925134_fbon_scr_wt_hold_inc_w1.json,2025-06,12,20-10,ON,3,2025-08-31,2025-10-01,4.927,4.927,0.0,9.53,9.53,-0.0,0,0,8,,,,
psperm_1086_tech_gpt-51_12x_20-10_202506_20260803_191624_925134_fbon_scr_wt_hold_inc_w1.json,2025-06,12,20-10,ON,4,2025-10-01,2025-10-31,8.195,8.195,0.0,9.09,9.09,-0.0,0,0,8,,,,
psperm_1086_tech_gpt-51_12x_20-10_202506_20260803_191624_925134_fbon_scr_wt_hold_inc_w1.json,2025-06,12,20-10,ON,5,2025-10-31,2025-11-30,-1.789,-1.175,-0.615,15.21,8.4,0.093,1,0,7,9.02,,AVGO,
psperm_1086_tech_gpt-51_12x_20-10_202506_20260803_191624_925134_fbon_scr_wt_hold_inc_w1.json,2025-06,12,20-10,ON,6,2025-11-30,2025-12-31,-0.04,-0.132,0.092,21.42,15.49,0.014,1,0,6,-1.55,,AMD,
psperm_1086_tech_gpt-51_12x_20-10_202506_20260803_191624_925134_fbon_scr_wt_hold_inc_w1.json,2025-06,12,20-10,ON,7,2025-12-31,2026-01-30,1.183,1.183,0.0,21.43,21.43,-0.0,0,0,6,,,,
psperm_1086_tech_gpt-51_12x_20-10_202506_20260803_191624_925134_fbon_scr_wt_hold_inc_w1.json,2025-06,12,20-10,ON,8,2026-01-30,2026-03-02,-7.286,-5.584,-1.702,0.0,21.18,-1.576,0,2,6,,-9.46,,"AVGO,PANW"
psperm_1086_tech_gpt-51_12x_20-10_202506_20260803_191624_925134_fbon_scr_wt_hold_inc_w1.json,2025-06,12,20-10,ON,9,2026-03-02,2026-04-01,-2.905,-2.905,0.0,0.0,0.0,0.0,0,0,8,,,,
psperm_1086_tech_gpt-51_12x_20-10_202506_20260803_191624_925134_fbon_scr_wt_hold_inc_w1.json,2025-06,12,20-10,ON,10,2026-04-01,2026-05-02,19.99,19.99,0.0,0.0,0.0,-0.0,0,0,8,,,,
psperm_1086_tech_gpt-51_12x_20-10_202506_20260803_191624_925134_fbon_scr_wt_hold_inc_w1.json,2025-06,12,20-10,ON,11,2026-05-02,2026-06-01,4.657,9.618,-4.961,7.52,0.0,-0.965,1,0,7,65.94,,PANW,
psperm_1086_tech_gpt-51_12x_20-10_202506_20260803_191632_713945_fbon_scr_wt_hold_inc_w3.json,2025-06,12,20-10,ON,1,2025-07-01,2025-08-01,6.655,6.519,0.136,4.72,1.83,-0.178,1,0,9,-4.7,,ADSK,
psperm_1086_tech_gpt-51_12x_20-10_202506_20260803_191632_713945_fbon_scr_wt_hold_inc_w3.json,2025-06,12,20-10,ON,2,2025-08-01,2025-08-31,2.633,2.633,0.0,4.43,4.43,-0.0,0,0,9,,,,
psperm_1086_tech_gpt-51_12x_20-10_202506_20260803_191632_713945_fbon_scr_wt_hold_inc_w3.json,2025-06,12,20-10,ON,3,2025-08-31,2025-10-01,4.89,6.923,-2.033,12.33,4.31,-0.599,1,0,8,25.34,,TSM,
psperm_1086_tech_gpt-51_12x_20-10_202506_20260803_191632_713945_fbon_scr_wt_hold_inc_w3.json,2025-06,12,20-10,ON,4,2025-10-01,2025-10-31,8.876,8.876,0.0,11.76,11.76,-0.0,0,0,8,,,,
psperm_1086_tech_gpt-51_12x_20-10_202506_20260803_191632_713945_fbon_scr_wt_hold_inc_w3.json,2025-06,12,20-10,ON,5,2025-10-31,2025-11-30,-2.245,-1.638,-0.608,17.54,10.8,0.092,1,0,7,9.02,,AVGO,
psperm_1086_tech_gpt-51_12x_20-10_202506_20260803_191632_713945_fbon_scr_wt_hold_inc_w3.json,2025-06,12,20-10,ON,6,2025-11-30,2025-12-31,0.026,0.026,0.0,17.94,17.94,0.0,0,0,7,,,,
psperm_1086_tech_gpt-51_12x_20-10_202506_20260803_191632_713945_fbon_scr_wt_hold_inc_w3.json,2025-06,12,20-10,ON,7,2025-12-31,2026-01-30,1.392,2.159,-0.767,0.0,17.94,0.3,0,1,7,,-4.28,,AVGO
psperm_1086_tech_gpt-51_12x_20-10_202506_20260803_191632_713945_fbon_scr_wt_hold_inc_w3.json,2025-06,12,20-10,ON,8,2026-01-30,2026-03-02,-7.291,-7.291,0.0,0.0,0.0,0.0,0,0,8,,,,
psperm_1086_tech_gpt-51_12x_20-10_202506_20260803_191632_713945_fbon_scr_wt_hold_inc_w3.json,2025-06,12,20-10,ON,9,2026-03-02,2026-04-01,-2.588,-2.846,0.258,17.58,0.0,0.51,1,0,7,-1.47,,AVGO,
psperm_1086_tech_gpt-51_12x_20-10_202506_20260803_191632_713945_fbon_scr_wt_hold_inc_w3.json,2025-06,12,20-10,ON,10,2026-04-01,2026-05-02,19.196,19.196,0.0,18.05,18.05,-0.0,0,0,7,,,,
psperm_1086_tech_gpt-51_12x_20-10_202506_20260803_191632_713945_fbon_scr_wt_hold_inc_w3.json,2025-06,12,20-10,ON,11,2026-05-02,2026-06-01,7.812,7.812,0.0,15.14,15.14,-0.0,0,0,7,,,,
